file_create_count,file_modify_count,file_rename_count,file_delete_count,extension_change_count,avg_entropy,entropy_spike_count,high_entropy_ratio,bytes_written,unique_extensions,write_ops_per_sec,rename_to_modify_ratio,cpu_percent,memory_percent,new_process_count,io_read_count,io_write_count,io_write_bytes,label
1.0,3.0,0.0,0.0,0.0,3.9179855180647905,0.0,0.06569060491789155,4892.995385574717,2.0,1.1221391411379542,0.048636141078933263,12.193087660054196,31.7396429623681,0.0,57.892790724290634,12.40890380223528,9316.54644990629,0
0.0,26.0,18.0,7.0,19.0,7.134113525859468,16.0,0.8953557097082561,493869.77910533414,7.0,33.45089268594959,0.6171399653817375,69.77254558873828,45.17746483706032,1.0,389.3406146405633,214.47510558759362,353331.60209162417,1
0.0,19.0,19.0,10.0,15.0,7.872798157335395,24.0,0.8485875644761333,289597.40991566586,7.0,17.655309041133698,0.7987554848570323,70.8252568039447,52.67350548489847,3.0,479.4147868616424,203.7701373067125,540083.0147295345,1
2.0,2.0,0.0,0.0,0.0,4.972211477352505,0.0,0.07520461148748593,9102.547129316308,3.0,1.9810028319211237,0.034209203450268,16.426973038007826,31.342418293671905,0.0,34.59987464035133,7.422000798165595,10210.126633339922,0
1.0,2.0,2.0,0.0,0.0,4.030125516420261,0.0,0.019448782200194754,9919.20928020631,2.0,0.5734550013824211,0.21397943494923571,19.68888594896904,48.83394388254793,1.0,33.80453012478317,16.32875889008168,6352.769595953549,0
2.0,6.0,1.0,0.0,0.0,4.209552286256847,0.0,0.00928193265673349,13650.431602544928,3.0,1.0044659365553492,0.3042492189691636,21.768538198795127,46.72514463997499,1.0,48.101964504373356,25.399826823020568,12919.817020596794,0
1.0,3.0,1.0,0.0,0.0,3.404321158329414,0.0,0.06905517524525931,6650.094387493535,3.0,0.0,0.15463345370908443,13.280904474417602,40.458498991305376,0.0,50.1208309187536,21.529832653391644,8936.199272236692,0
3.0,20.0,26.0,3.0,12.0,7.339922715321099,10.0,0.9950834507258116,366682.905336114,8.0,47.23454192165822,0.983270751071118,67.2550020995742,55.98045862229548,0.0,385.6834205947237,201.19552066236255,575225.8329806604,1
3.0,7.0,0.0,0.0,0.0,4.301820613103299,0.0,0.019002530710290316,6021.69247135357,2.0,0.9785294585216275,0.022368521413689904,18.41893058552109,35.410432187429336,2.0,28.89211883124555,12.616192937524833,0.0,0
0.0,30.0,23.0,9.0,13.0,7.597903523832048,22.0,0.9382035483425715,11394.853600013768,11.0,23.7175224371999,0.8872722228318255,87.49443132779331,85.70385420072145,3.0,350.6801770993969,170.4470466340413,426315.248480233,1
1.0,6.0,0.0,1.0,0.0,4.3001696379934735,0.0,0.008685493705276078,8503.344220883331,2.0,1.9992329373729654,0.07958182320645658,0.0,47.98353783057506,0.0,44.39981307528262,11.716347271687884,9078.462184139527,0
1.0,3.0,1.0,0.0,0.0,3.956471958275139,0.0,0.044435688605936434,11298.97098619187,3.0,0.8094223461487853,0.08662986611711049,14.52933087273299,27.085014417956913,1.0,43.21681131904051,14.8164370429825,15221.97716442438,0
1.0,4.0,0.0,1.0,0.0,3.2446884911801916,0.0,0.18418067336652946,11533.648696362361,3.0,1.855550780181435,0.017519842864424984,16.36010085120699,42.21307344380986,1.0,43.486414210922746,18.09820845011637,14394.815919675752,0
0.0,20.0,21.0,9.0,18.0,7.974320817139731,16.0,0.7397734250683964,506733.9248934241,13.0,46.828453761455606,0.9323470692544543,67.68250095262624,55.014642508623844,4.0,400.86656483833974,183.63113039569654,698360.7616571505,1
1.0,17.0,22.0,9.0,16.0,7.401473429077352,13.0,0.9734952218128365,580076.1524862404,10.0,24.71137974544457,0.7838301296969536,69.57074190651583,83.24415866476943,0.0,306.02924184693006,165.38483975544412,501718.58622484416,1
1.0,2.0,1.0,0.0,0.0,5.391593614182566,0.0,0.06571404232983559,1272.7769734892818,5.0,0.7198242537888995,0.41678735422764324,3.6755918443848206,35.04473244116263,1.0,72.72063690817805,0.0,5169.510890747727,0
2.0,3.0,0.0,0.0,0.0,4.329409536895869,0.0,0.16005593855382785,9482.432435297147,1.0,1.5085109032090955,0.0009169509265737578,20.162359573662645,31.59124402774951,1.0,31.20698985131539,0.31814338843974177,12773.785909400605,0
1.0,4.0,2.0,1.0,0.0,3.8234052769765148,0.0,0.08809983631349588,6687.721506297608,4.0,1.822666334098981,0.00034687736012526424,19.44690739723865,33.37125789330614,0.0,35.13659125112213,5.913631304880816,9227.770245838587,0
0.0,7.0,0.0,0.0,0.0,4.917348457608678,0.0,0.05048487637827888,10036.991937652341,2.0,1.120569846000011,0.28084156359539086,18.061906675372956,32.64268483125186,1.0,70.1304046043473,24.26435757324897,11227.30848112145,0
2.0,2.0,0.0,0.0,1.0,5.621075938069784,0.0,0.01917844716326119,6626.976952652536,5.0,0.5992806101224017,0.11674339190684847,17.16114089773573,29.764911473533765,1.0,51.55753320783692,4.088023312183633,8303.64609727176,0
3.0,4.0,1.0,0.0,0.0,4.1265213384096,0.0,0.036658053935143285,9427.635396862817,4.0,1.3596376184601608,0.013254697948966658,22.927599497184595,44.1297838770765,0.0,46.819315353512344,12.372465768763911,7523.09567531235,0
2.0,24.0,16.0,10.0,14.0,7.642441796972323,15.0,0.5710439955667743,626505.6551951277,9.0,33.857325985997264,1.0,76.63821522518944,74.4425823222538,3.0,307.0446174159875,155.48416915319422,572866.0662332643,1
2.0,24.0,18.0,7.0,18.0,6.736345073486927,16.0,0.5947441032799505,523348.89527314116,8.0,30.868429582724218,0.7407967424343732,68.07254506343332,63.55617817551616,0.0,377.0702921002341,232.53967415387825,534832.7758746791,1
2.0,23.0,18.0,6.0,23.0,8.0,13.0,0.6718906238794422,496875.5898266226,8.0,32.3884483491654,0.7348364062384737,71.6714094130748,52.70088048902709,4.0,416.15200706053906,119.2822525065806,630215.5357346922,1
0.0,14.0,32.0,8.0,16.0,7.491937897988867,15.0,0.8501129660142407,395918.52514029335,13.0,26.35734123916095,0.6497446903440861,96.43028737493154,34.23264208913234,2.0,506.7721017342403,124.67468145011209,638634.727748482,1
0.0,28.0,19.0,5.0,14.0,7.632890131606327,13.0,0.6497476894425297,566583.8910516985,9.0,17.85119010089017,0.8188743925746512,59.089782136025455,79.23132124648247,5.0,434.53016007034006,200.80080122821323,594521.7981190768,1
1.0,5.0,1.0,0.0,0.0,5.661799167547305,0.0,0.04991045331923764,1153.842499267107,1.0,0.0,0.19885923182325824,9.8164005745543,47.297707055251095,0.0,44.976084775833094,16.85961156175923,11851.285994596099,0
2.0,0.0,0.0,0.0,0.0,4.139907752244869,0.0,0.004503575004372913,13489.549736574303,6.0,1.745220807050262,0.04636408022535298,19.47317578329259,37.912698705866596,0.0,20.084675838421468,14.760311612807026,9257.96212557764,0
0.0,28.0,19.0,7.0,19.0,7.550866224514013,17.0,0.9702096904217935,567904.1349311529,13.0,39.47987192392736,0.7409260371882642,51.787502486285305,52.10875902834554,1.0,430.02330958622986,133.26121364579856,453286.51337543206,1
1.0,31.0,18.0,9.0,21.0,7.277252589901158,16.0,0.9602709096486047,309235.30143376085,5.0,40.00647457422821,0.6357784417586065,82.49432857694838,64.48614872649144,2.0,300.9182074407563,155.61523869852994,488715.4230537022,1
1.0,24.0,24.0,15.0,26.0,8.0,18.0,0.8914766174912863,617263.1896256751,12.0,34.81747295096337,0.8056971519604003,78.42199745401611,38.69749688299939,2.0,423.9454098790743,146.99936120080844,453193.27777881885,1
0.0,4.0,0.0,0.0,0.0,3.550940246958721,0.0,0.09445169482402749,6890.647164825326,3.0,0.6685738889316473,0.16920614127496172,16.667213538803058,47.19236903164547,0.0,43.048005071509635,19.943766060431532,4777.587958280288,0
6.0,5.0,0.0,0.0,0.0,4.6914525899395905,0.0,0.10132987256779183,5744.5012937901665,6.0,0.6612454415596818,0.15882865782693728,15.20724669328066,52.995769727923324,0.0,34.211828308671315,20.130571107722847,10688.950448529271,0
0.0,4.0,0.0,0.0,0.0,2.8539386721550124,0.0,0.08182814504365812,3602.1524528779855,2.0,1.051344885477233,0.2409382596161843,21.449465008313837,43.23038144428962,2.0,24.024334450666608,26.570519183471358,4825.878795862128,0
3.0,5.0,0.0,0.0,0.0,3.5916325040959816,0.0,0.1763854972336626,12169.421268118738,5.0,1.00617272871307,0.2690620119543304,13.399842428364687,43.789793266609635,0.0,40.747000517829065,28.312928870156853,9261.446038208,0
3.0,30.0,24.0,11.0,16.0,8.0,14.0,0.9967983049410748,698739.1412757528,7.0,41.25564462225447,0.9929127026321467,68.76341236470128,67.83719640624517,3.0,370.38109101850523,178.27205006406288,388835.85656126513,1
3.0,3.0,0.0,0.0,0.0,4.556756290308358,0.0,0.18261294336328984,9504.2941267832,5.0,1.2770807425410866,0.15565614085019985,25.26076455447196,51.43489850154463,0.0,51.51173813116648,0.0,7440.901985912858,0
1.0,15.0,16.0,8.0,18.0,7.494164035828754,14.0,0.8757835308643185,275086.7170299716,13.0,39.664492000704456,0.8348063907114861,77.39504429559969,86.3794672941807,4.0,534.9140540748208,163.83975927758354,483509.45353725634,1
1.0,29.0,13.0,11.0,18.0,7.597820185195266,21.0,0.9188498203002123,257027.25586672727,11.0,27.924706412193785,0.9573381920813955,71.48442525654964,74.22050926446946,2.0,418.5042633745488,213.18278447419573,586213.8973310974,1
1.0,7.0,2.0,0.0,0.0,6.11543469157286,0.0,0.14201532713319867,8915.87974265756,1.0,0.8779065404491656,0.2162558069119458,10.201740729210774,42.08898642304929,1.0,50.57550996115004,29.067324915944226,7194.266246733818,0
1.0,28.0,17.0,9.0,14.0,7.815311472328514,19.0,0.754998104261064,738459.4767070098,9.0,35.01315482845153,0.8227964500771111,100.0,74.75256759922826,2.0,485.0400416196433,170.7871615509804,457159.69521931186,1
0.0,3.0,0.0,0.0,0.0,2.177552943956521,0.0,0.11309302291299163,4185.716741223892,4.0,1.2322249787477104,0.02810131809854749,11.141233979566604,41.64136892535835,0.0,21.622236140032747,10.329572621951053,11367.273227899466,0
1.0,29.0,16.0,3.0,14.0,7.508278393698545,14.0,0.9263725016451118,537205.7302851988,6.0,20.68803436535992,0.835277993343712,63.39252964415718,66.76080612886241,2.0,200.0707328359849,186.94226182712148,543993.3291926528,1
2.0,27.0,15.0,12.0,16.0,7.312923829370809,15.0,0.7241733596511318,604643.2283648887,10.0,30.591610429431068,0.6735606797978394,75.6964552967958,56.57099394878569,3.0,299.0095195977151,233.25899798018622,640240.9613194256,1
2.0,6.0,0.0,0.0,1.0,4.909661865637877,0.0,0.11344983094915596,6456.644901553514,3.0,0.6571466894635134,0.1291541763415228,26.40980778980741,57.81110989464959,1.0,38.557352525858086,20.291933871393383,12054.041266257458,0
4.0,6.0,1.0,0.0,0.0,5.581279015558926,0.0,0.11371984974565875,2639.166459875807,2.0,0.7523756899031722,0.012036100269622652,27.979410694589447,46.97836244846701,0.0,36.33499913089494,26.045048802795794,3899.3278719489545,0
0.0,27.0,20.0,7.0,14.0,7.574945696420506,15.0,0.9283928495684737,562498.2097687986,13.0,36.90090575207099,0.8081023161732135,60.45525962916409,61.19764106363776,0.0,372.72500406486876,140.83989019198225,476518.7788123383,1
1.0,3.0,1.0,0.0,0.0,4.932908557437535,1.0,0.0064907316779037995,9406.283131849836,1.0,2.041605479529517,0.0034633060031607635,23.182886539892053,59.14198831958997,0.0,37.32698585705465,26.359644635859723,8214.863085532052,0
3.0,5.0,1.0,0.0,0.0,3.871080129666623,0.0,0.4819369012103643,0.0,2.0,1.6429986823391418,0.10012242202965892,9.701992429875018,40.485437419456815,0.0,13.119507161742572,0.0,8177.677682853662,0
0.0,31.0,12.0,11.0,27.0,7.261468858796258,14.0,0.8938872580462628,611012.5780373702,9.0,26.251223088276227,0.6710122900832644,80.5139894814987,35.36790280642913,2.0,338.087072038526,218.23658531049566,320009.8056294303,1
0.0,4.0,1.0,0.0,0.0,3.273921959649508,0.0,0.067573939517167,4497.485070013041,2.0,1.2833419534855433,0.17951623612506906,25.76046872166083,45.772678462767104,0.0,38.05677043323508,11.550726041555777,6126.863646279811,0
2.0,1.0,0.0,0.0,0.0,4.926872863696424,0.0,0.07266811306738129,5503.51577974824,3.0,1.2751315354700663,0.2566299611201949,19.266376297743328,47.71941707280322,1.0,56.55179807068767,18.68844782516112,11326.851718869284,0
0.0,2.0,0.0,0.0,0.0,5.51003969286695,0.0,0.0007109790745106848,2916.188650377763,1.0,1.3349117104582189,0.03199516038515406,14.474910764908824,40.93762837647473,0.0,49.83032652173506,9.081163918016678,12446.869398085379,0
2.0,26.0,25.0,11.0,22.0,8.0,12.0,0.9734966209699849,584022.6483205153,12.0,33.80588399749542,0.9507763334550708,68.71065365718454,55.10845205945056,2.0,534.2364327938978,159.02660525601434,517492.77534557995,1
2.0,26.0,19.0,13.0,17.0,6.805784994656483,17.0,0.9589185944060589,713388.269059672,8.0,31.588008798625687,0.8584551335585803,61.93367058964759,62.01216905136202,4.0,542.2449286951619,212.1531238065447,489851.0489571129,1
1.0,22.0,24.0,8.0,19.0,7.416696466756887,15.0,0.8972903647572902,550116.8949475307,11.0,19.100062418260073,0.8991011483176922,61.77326879147344,39.751991110816434,0.0,330.00146346653264,195.82309064900969,656468.0675778915,1
0.0,2.0,0.0,0.0,0.0,5.547323241613559,0.0,0.030215092374909647,10615.94492894046,3.0,0.9386618894426398,0.27636814887838107,27.795171839430214,41.263729660842806,0.0,39.89025800957579,12.783445543691679,6058.4643473015,0
3.0,2.0,1.0,0.0,0.0,5.248952866361442,2.0,0.0649387707111589,8156.180342258241,2.0,1.0051433636687377,0.05744267215152895,12.24451554786484,39.65862965318515,1.0,20.689137803266068,17.400686206708535,6522.294494114727,0
2.0,7.0,0.0,1.0,0.0,4.856818526720138,0.0,0.15767269158145145,3802.8126563447695,5.0,1.0725833901985062,0.2260486114364138,6.149359513998904,22.630577140886484,2.0,55.984853342200644,0.4090331598367971,4110.475008083014,0
2.0,2.0,1.0,0.0,0.0,4.386052843652188,0.0,0.005373524771047711,4733.825495213115,3.0,0.718449961259848,0.015873976772642486,20.80730375848082,43.067304652566584,0.0,39.44014931425396,17.807464611637585,8525.44825215732,0
0.0,7.0,0.0,0.0,0.0,3.972234454418657,0.0,0.025333606762143784,9559.83977679099,3.0,1.177688105335048,0.13483042310737642,23.3365348041996,48.87516872392336,1.0,59.916593432713285,19.73701720922703,4708.8048833943285,0
1.0,3.0,2.0,1.0,0.0,4.781198811994253,0.0,0.027239742440794867,4096.646651059966,2.0,0.9834369703189949,0.16474020228146063,14.606757934152458,46.543234507956264,0.0,12.743694563197707,12.202197605497815,3285.90125656672,0
2.0,27.0,21.0,5.0,22.0,8.0,9.0,0.9942883710457325,537591.5414236597,10.0,33.89671130670018,0.7485698439947481,79.13251302683834,75.22096021600845,4.0,380.02465394212214,168.4914816691898,397200.22641336906,1
1.0,17.0,26.0,5.0,10.0,7.831617226008755,19.0,0.9009996869914294,410000.84199495433,13.0,38.49853457429473,0.5377398601605015,69.3700523700041,58.235748676861355,0.0,451.62656390853454,207.55908655783048,534749.4364538863,1
2.0,34.0,14.0,5.0,13.0,7.839168701633137,14.0,0.8395503178561718,202648.06792711164,8.0,12.686244473253826,0.33458588050638916,81.04096129405775,69.23406480173665,3.0,213.49626158233295,207.47536648782213,348636.9034505451,1
3.0,3.0,0.0,0.0,0.0,6.140866939181869,0.0,0.1416061319268866,10346.329349333926,4.0,0.9897522189135848,0.000810424151967616,28.6883887780696,41.651627445080855,0.0,28.22469392099692,14.789844562624253,8621.413749971243,0
1.0,22.0,20.0,4.0,11.0,7.625153243038644,18.0,0.9475252812626785,473996.0769339296,16.0,48.11270849051156,0.6862039732969123,71.45439732972598,61.95958688237475,3.0,382.73785190771673,139.54365101913032,581198.1442034689,1
0.0,22.0,31.0,6.0,22.0,8.0,12.0,0.9714919229539146,502028.2139190299,10.0,32.026907123963475,0.7572605836125035,78.49693333005504,76.0684671377555,3.0,390.683601702752,147.9492826168822,491691.8125933673,1
1.0,1.0,0.0,0.0,0.0,2.8188360685092264,0.0,0.13981572970602926,7736.6848453043085,4.0,0.7427005803579256,0.13304916624255533,28.294128031656438,24.38425123088641,1.0,47.252675443151425,21.491323053437746,8021.637388500904,0
0.0,17.0,20.0,8.0,21.0,7.173725483934652,14.0,0.9576000098248814,468024.7212604543,10.0,38.00822820817111,0.9327860071336624,81.03266644184542,63.12466651894297,1.0,341.7404453206589,188.26560296853935,540163.735637606,1
3.0,25.0,15.0,5.0,21.0,8.0,18.0,0.7676369444980125,342493.78378332016,6.0,14.716570508906152,0.8772803770405855,76.35317791247887,70.6321259306446,6.0,372.9974482210428,189.81671599469425,404211.97952432814,1
2.0,3.0,0.0,1.0,0.0,2.6507428236557566,0.0,0.3380896391952973,1083.7154130309946,2.0,0.3339271221541772,0.31308586242782693,23.37723982560566,47.13042971805862,0.0,47.92830225322497,15.142452971893158,4715.883551341254,0
2.0,18.0,21.0,8.0,15.0,7.965477742650408,15.0,0.7272170285584922,684306.2095961352,10.0,35.65309828756032,0.8273145644279853,68.4999976683957,90.17286552855884,2.0,418.6125924838483,185.98586393783813,657628.7595373099,1
1.0,28.0,24.0,12.0,17.0,7.36966400124944,13.0,0.9794838737991677,181671.91782327608,10.0,21.311335008449387,0.7678595852746954,93.38311037238026,62.38999951197177,3.0,442.1963712369991,172.43222320630971,760782.9100149595,1
0.0,20.0,17.0,4.0,20.0,7.637276302316543,14.0,0.9682478309497072,569391.315245778,12.0,37.3482095975849,0.5106072906532663,67.13928366372214,54.611776133261706,3.0,399.4904202131953,175.82444542976765,524712.8155857073,1
1.0,24.0,18.0,8.0,16.0,6.917367153997126,14.0,0.9057382040127561,695893.1066606437,10.0,41.78152788384565,1.0,47.40969580059236,84.34293890751329,3.0,317.9267972028871,145.59320548636475,869878.8135730843,1
0.0,25.0,24.0,6.0,17.0,7.327749859926083,16.0,0.9932617038284233,459422.31029204343,7.0,42.637342615145684,0.6277051983454808,67.52816575847373,61.99341865691949,3.0,272.8394204982098,156.36025634288964,631900.3696157841,1
1.0,1.0,0.0,0.0,0.0,4.52827396208103,0.0,0.09941360606250732,8008.596321710744,1.0,0.46021163983137403,0.05082826787205863,17.56308095319951,30.985511992476255,0.0,43.692704234881525,18.703592077949757,7459.596109647303,0
0.0,32.0,17.0,6.0,10.0,6.912388017104792,17.0,0.8766323000762994,454729.4675036454,12.0,29.433103926698806,0.5792239669193816,88.70020528080136,81.53314946150813,1.0,447.24941457747,163.26773345189577,828906.9745920671,1
0.0,34.0,23.0,7.0,20.0,7.287490727219008,18.0,0.94948026692199,598995.2283380306,8.0,47.31186852595498,0.8964415090177572,66.48471293435493,100.0,1.0,364.08592579458684,220.88513082105095,555768.0958382124,1
3.0,3.0,1.0,0.0,0.0,2.465614237551099,0.0,0.04341386345722549,8285.178453989747,2.0,0.5915760488122725,0.09670107447974512,23.479984582134612,51.96154123014984,0.0,35.734722750931624,8.098637450343515,4825.408692973795,0
1.0,24.0,19.0,10.0,13.0,6.90872925121716,11.0,0.8351471362604874,133255.50124400517,6.0,17.84490329553883,0.8720365001235082,61.155190181813765,45.26757673760406,0.0,361.66448876675156,169.11277890813648,541413.6446674558,1
0.0,30.0,25.0,8.0,25.0,7.43503999203771,11.0,0.9385567174351838,460004.0566535433,8.0,38.82605235902173,0.8978408176349277,89.85740323883203,53.11469671133969,4.0,519.0171952637081,175.69211293520263,454139.8426801872,1
0.0,19.0,32.0,8.0,17.0,8.0,13.0,0.7816193064354119,606687.0377844715,9.0,26.48379761746309,0.6554271601598601,88.18527412880415,53.67592763825745,1.0,474.56974595845355,140.0229440966313,439528.95466316096,1
1.0,1.0,0.0,0.0,0.0,3.3538978638226693,0.0,0.24446576135301407,15602.16102173644,2.0,0.9317631440608233,0.3722127269030994,14.120015373673052,38.718216046483846,0.0,42.767628305841704,4.518268850266937,6034.306643184971,0
2.0,3.0,1.0,0.0,0.0,4.084665005192664,0.0,0.13016545024750903,11376.80476277154,1.0,1.1537053832470119,0.19710292633713683,17.641938870113638,37.66251785272529,0.0,52.572836581380514,15.240556832908652,3948.3498537623163,0
2.0,4.0,0.0,1.0,0.0,3.865067962726393,0.0,0.1267393185339765,9432.414450636863,5.0,1.7425781724689264,0.10530047752184168,19.71450788737206,31.546699476349986,2.0,40.236455346276884,10.956200144027989,2994.692023314372,0
0.0,5.0,0.0,1.0,0.0,5.168245592371294,1.0,0.06689766628640892,9053.701046608638,6.0,0.4226990433641252,0.17998971168891698,0.0,40.120545069696355,0.0,50.97102465577322,14.05924412918774,5557.969115363765,0
1.0,23.0,22.0,14.0,11.0,6.871334435290764,9.0,0.5704395509057969,307564.15973218007,8.0,16.49284995078733,0.915758071697239,70.80909107127634,61.292561725330806,3.0,259.693852432908,148.31604683768848,663858.2851236194,1
0.0,7.0,0.0,0.0,0.0,6.000990600688737,0.0,0.11471790720828237,8684.963298402285,4.0,0.9404374831418346,0.00298055274785175,23.08408355616266,33.12926894970185,1.0,33.37632796978006,14.196610337457217,9410.809717593456,0
2.0,3.0,0.0,0.0,1.0,3.4986558502361587,0.0,0.10618308157793852,8450.76480166216,1.0,1.7852718003595074,0.07968600572048302,25.488904999437658,46.49839875780909,1.0,41.443918746534585,18.126824169748467,8242.934238049967,0
0.0,30.0,33.0,4.0,14.0,7.348537486184266,16.0,0.7752179733660659,337147.3356953376,8.0,12.431101553656784,0.7900480083713688,52.5207817384751,66.44316899165973,0.0,442.99224685130764,133.28115395974493,474451.89185301814,1
3.0,4.0,0.0,0.0,0.0,4.263977711368855,0.0,0.0026068373485698066,7287.586132721466,1.0,0.2741472931173007,0.13213934313189202,29.10177015736739,42.03604052407481,0.0,60.75943849252838,24.015890018248967,4494.285500429423,0
2.0,27.0,20.0,8.0,9.0,7.61990708817358,17.0,0.938565776808359,383711.3510363755,6.0,28.320332511181334,0.8671183850434189,77.44639865207806,63.02846739646984,2.0,447.53184371247477,175.8081493952213,578160.562187186,1
0.0,4.0,0.0,0.0,0.0,5.864776058748271,0.0,0.006395207291101221,16927.144581969565,3.0,1.139910132509562,0.13686992713372856,13.800539881962568,33.503143129943155,1.0,10.485412049621498,0.0,8610.568948329535,0
4.0,3.0,0.0,0.0,0.0,3.770527354105499,0.0,0.03500239309398887,8425.944778410727,1.0,1.5941749603026745,0.4785228375291074,30.74001306937837,49.96024622707205,3.0,36.95758054510001,20.6903574783492,8029.866757160843,0
1.0,3.0,1.0,0.0,0.0,4.845112687661121,0.0,0.3012378872917531,5674.72607213918,1.0,0.72039876313714,0.000985861991546981,3.2170390415566654,38.74393876544456,2.0,26.962361369040217,6.710072219335,10892.394270465946,0
0.0,3.0,0.0,0.0,0.0,3.1529082792335457,1.0,0.43343342118547606,11311.753069788829,3.0,2.0277384293093093,0.09406283784222406,35.29553424950802,41.18211417630287,1.0,31.522179576536708,6.1874497564415485,4494.500259562021,0
1.0,37.0,20.0,7.0,15.0,7.090790387402995,10.0,0.964844212940906,642540.5582504362,9.0,25.948171026247557,0.7860565479247871,79.93739086374873,57.30361592301764,2.0,385.3174783452354,275.60543639530204,439594.11568898056,1
0.0,4.0,1.0,0.0,0.0,6.263894535656668,0.0,0.3109277396103456,5290.808231731874,5.0,0.0,0.21557214347831177,22.25921044990286,40.87891897257595,0.0,29.92316650033787,24.33253708083167,3074.604999346737,0
1.0,4.0,0.0,1.0,0.0,5.29552241149581,0.0,0.32896713676352535,6968.191627035745,3.0,2.0468894254113588,0.1268018533843899,9.725913126879062,37.60410257951229,0.0,49.478644998368864,24.619024932622047,4562.187294979711,0
5.0,4.0,1.0,0.0,0.0,4.15040969211806,0.0,0.2269890139749835,5168.808547325132,2.0,2.550942901872432,0.08864831795071768,12.953826358470213,50.47051573706236,0.0,26.231142923615025,18.359974000559937,2086.317817866897,0
2.0,24.0,31.0,11.0,7.0,7.106267558571086,17.0,0.7866806102352717,196615.9429791771,9.0,20.81748025824446,0.8318736825400976,72.54445930752885,70.2647499167868,6.0,413.2552996189761,125.91309142703128,542143.7099224258,1
2.0,31.0,22.0,11.0,17.0,7.139362611121874,25.0,0.9999426899454561,741679.0903154332,7.0,32.797491088929945,0.9646282258467358,79.37274747007295,61.4949655043882,5.0,467.4336596221523,193.521454219627,692269.1060185062,1
1.0,4.0,1.0,0.0,0.0,2.7873589773987786,0.0,0.019917334230422978,11309.010604562009,3.0,1.4766517758213906,0.05219786706929804,22.449913079786242,45.64551934843937,0.0,36.61415210470547,13.711677753631307,6654.930619782133,0
0.0,28.0,21.0,8.0,22.0,7.694779104198723,13.0,0.9220185851334738,851886.7374131386,11.0,26.47540147093539,0.9753795542499584,57.21663173388579,62.66957835027315,0.0,451.49010153287054,72.11031766245978,672715.9419982759,1
3.0,5.0,0.0,0.0,0.0,3.887731805393347,0.0,0.024608695507792436,9676.802433162422,2.0,0.18467118887529965,0.27203825169446094,15.815221728352203,38.71960306108929,0.0,47.57220145606126,9.410846433015346,9402.64937592627,0
0.0,6.0,0.0,0.0,0.0,4.514746305589588,0.0,0.07058987512749994,10045.595984697487,4.0,1.1773105803875112,0.09380559741138839,20.39078435550715,46.613441873039285,1.0,37.87793359570173,19.66677652931682,2409.730554581347,0
1.0,4.0,1.0,1.0,0.0,5.62953197456844,0.0,0.13072056969314144,1036.814274614906,1.0,0.10813755595272234,0.04529699702167243,30.418936053299785,46.420809442836934,0.0,44.47614402446433,14.428172050704072,6639.037861263301,0
5.0,32.0,19.0,8.0,29.0,6.77891503318687,15.0,0.8837290263594859,761711.0728967797,14.0,37.50059623510061,0.673900845156855,88.61574147703307,54.99018985887531,3.0,444.87718612896197,199.07364450759405,308199.62331122597,1
3.0,4.0,1.0,0.0,0.0,6.254545094620777,0.0,0.1039181528020587,10435.159086117028,2.0,1.0257772816624797,0.16863265727275376,18.96128746703235,53.33866706747481,0.0,35.18570498925484,18.37676212436137,9432.348812373815,0
2.0,28.0,26.0,6.0,12.0,7.069860550553269,23.0,0.9281575169016452,555560.8135204135,10.0,18.490361620368066,0.44192718318120905,98.8360081682837,52.67950609131621,3.0,488.7646453397394,141.31294855472765,401037.6258636293,1
0.0,24.0,20.0,13.0,23.0,7.586582817381454,23.0,0.8737108791891243,616866.5278185005,10.0,34.57237541998571,0.681035031910299,96.04567074611015,79.73988623843141,1.0,396.21766483193943,197.68147753472954,634188.8909062664,1
1.0,28.0,25.0,8.0,21.0,8.0,15.0,0.8929467515000703,465197.29683308257,11.0,35.16893163957338,0.7456053434195384,60.7104662124292,68.04849141268743,1.0,468.028711361137,239.72020347832634,651118.2443949557,1
1.0,18.0,18.0,6.0,23.0,7.773447006620374,9.0,0.7452812674147488,833961.0348459684,7.0,13.84798323261731,1.0,74.85655481653895,84.21347072950904,2.0,542.9102148004512,207.07622836318527,551268.9444994604,1
0.0,22.0,24.0,8.0,23.0,8.0,16.0,0.9080386576234615,441804.7891463381,8.0,28.8156426499788,1.0,61.92094251010765,67.54267656214117,2.0,469.7947335361273,240.31577683913108,315635.53617083817,1
1.0,18.0,12.0,12.0,10.0,6.828510234128548,23.0,0.9063829262370283,577069.0118577849,7.0,22.057999003550112,1.0,67.97153833560583,51.34332730473854,0.0,593.2513541131232,147.67572546978744,276291.8547530228,1
1.0,7.0,1.0,0.0,1.0,5.761186533176483,0.0,0.00792374431275457,8291.472951313963,4.0,1.1043329494819913,0.033364757783629434,25.3892332429513,36.393659112648464,0.0,42.19143678598597,15.364462568908763,11832.729564629597,0
1.0,27.0,22.0,7.0,16.0,6.987979930179298,17.0,0.8978596518227403,491000.20678799937,9.0,21.003701421201328,0.6819345502108056,68.07070539899239,47.08989042561709,2.0,543.6520958668123,167.89137990628407,633890.9078386808,1
1.0,30.0,22.0,5.0,12.0,7.341700701576454,20.0,0.6094885626144065,610601.2903389413,12.0,34.195613958997804,0.5605217714807764,70.17254491245087,55.39258127063887,2.0,395.13105301727416,82.62107668521861,374674.0199165742,1
0.0,3.0,0.0,0.0,0.0,2.876411698598611,0.0,0.038480165269837774,7928.605446830434,4.0,0.6872476740521198,0.02045804236890056,24.47827808222575,37.48978416803623,2.0,23.25838010973494,12.232386958667647,7641.706796305477,0
3.0,4.0,2.0,0.0,0.0,2.473393318876222,1.0,0.30248788056011633,11891.169445742962,4.0,1.0397480315457248,0.04993305770496178,9.86592340129178,41.88691792631498,0.0,12.169697371716328,13.498335508865619,10682.073209270777,0
0.0,30.0,20.0,7.0,14.0,7.561801299651109,17.0,0.899957808229898,493816.6321705517,7.0,23.031202401052468,0.6827602972016219,70.41352274520582,62.35041691319991,0.0,461.83093282308124,120.79461881098429,533031.9581218143,1
0.0,25.0,21.0,7.0,26.0,7.62904897180637,13.0,0.899413082865278,361762.4564494558,7.0,41.210872613090636,0.8582414958961248,89.39422769148771,44.46435202524789,3.0,500.5785760157503,182.49966067200583,351571.34353826474,1
2.0,5.0,0.0,0.0,0.0,4.9257079833187225,0.0,0.037849202511532495,4211.748691624192,5.0,0.7142752145358677,0.07765046647215522,5.5979886377177035,41.894211393211535,0.0,43.14578371400985,21.528335242040917,9373.702791523727,0
4.0,3.0,0.0,0.0,0.0,5.275722967494192,0.0,0.22692548219957445,4702.803167129587,1.0,1.4242032244814191,0.04410170702709235,22.579324660505552,37.13321119974035,2.0,50.631904028578525,8.752144390787436,8292.596217503931,0
1.0,30.0,18.0,5.0,18.0,6.944714665381865,18.0,0.643165753876489,568174.4274360976,6.0,28.80294210379015,1.0,62.10124682392025,88.06374356414098,4.0,416.6217652488097,100.69918761222667,278333.0337127878,1
3.0,5.0,1.0,1.0,0.0,3.566745797726406,0.0,0.061467635696123755,6424.39250862279,2.0,1.0173530335710612,0.2950025784199583,15.169183833041192,39.117379300592106,1.0,32.44974956729272,2.622149387287884,6016.7680104472565,0
1.0,28.0,10.0,7.0,24.0,7.405618060063892,18.0,0.7770418286621168,495708.7947119343,5.0,34.002702262555786,0.6282389062461464,88.02435094908178,58.61272918605346,1.0,401.7017094480098,210.94267072405785,616352.246152317,1
2.0,28.0,20.0,9.0,17.0,7.129258254118482,11.0,0.951977677445999,594891.8834752743,8.0,20.3751104228799,0.3983340976753722,63.18173915480524,61.401070174591105,1.0,386.9973565314875,217.37209644127904,352560.47261091706,1
3.0,4.0,1.0,0.0,0.0,5.562458244000213,0.0,0.056577688919773994,9714.991149814183,3.0,1.6435461299734557,0.07144086745223434,22.965702713828378,26.929000304502694,0.0,47.47987614431503,12.351798551110404,3194.031460381032,0
0.0,21.0,17.0,14.0,11.0,7.373778524668992,8.0,0.8173732126302805,270277.3555133008,11.0,9.05056469383807,1.0,66.83675927391582,53.791107515873804,2.0,368.8883663272525,160.20802897901788,513267.61226940673,1
1.0,4.0,1.0,0.0,0.0,3.3736568231710917,0.0,0.11374649001619669,5064.20483354427,3.0,0.7576779051921467,0.3826031101449804,22.199122914535952,25.628562403612943,2.0,44.1367211788876,2.471081490336017,4379.005161041001,0
3.0,3.0,1.0,0.0,0.0,2.8642794906954308,0.0,0.18125057058116723,7127.066221811305,6.0,1.4520324746501299,0.12687182695830568,15.649064820211297,41.1521456000897,1.0,28.17463043690097,18.47830100971727,10714.187450469199,0
1.0,27.0,16.0,7.0,21.0,7.1945115315230455,8.0,0.9943469912619494,553024.8932668677,8.0,26.31756492349976,0.8562492730411574,67.71808646138547,71.43718417902757,1.0,431.03884675110515,178.58730575251812,604043.3344506625,1
4.0,3.0,1.0,0.0,0.0,4.757575842824816,0.0,0.1253996926099133,11560.108630972736,2.0,1.2385597689397352,0.12408603781984642,16.76602538083125,34.37539707816018,1.0,35.22354513301082,18.892791981988886,7647.280226012241,0
3.0,5.0,0.0,0.0,0.0,3.2568400756306106,0.0,0.0034548307229932337,9677.98908923886,2.0,1.8373423333706975,0.06434935531396602,8.160444093934212,39.16744952504433,1.0,46.72710715109848,12.018026397537424,5009.687744584534,0
2.0,4.0,1.0,0.0,0.0,2.8909049476120146,0.0,0.2774553049003995,5213.360349978214,3.0,0.8227760020118589,0.2297596805303209,15.111852522189665,38.69530889871285,1.0,51.1585281057173,11.186452760284503,16183.492129604514,0
4.0,6.0,1.0,0.0,0.0,3.513062378334154,1.0,0.060742733101502334,2121.3382317187798,2.0,1.92321992545572,0.01660700843452934,13.123537181890915,33.67102826085915,0.0,25.747150046859822,0.008417542853926818,6671.608035405137,0
1.0,3.0,0.0,0.0,0.0,2.618689218489007,0.0,0.17562185410218598,12507.059233044141,3.0,0.26489218895126054,0.10184397347241343,33.783166838243844,38.1459628210833,0.0,38.55685207160835,20.566846048214224,8582.408797842514,0
1.0,4.0,1.0,0.0,0.0,3.9397713694368792,0.0,0.04042111058197143,12490.239480597395,5.0,0.5937994207217315,0.19767620990192872,10.418583977260985,50.684289065449605,1.0,28.37505427886133,13.515290574367596,7116.0924884188635,0
2.0,2.0,1.0,0.0,0.0,3.176352238300109,0.0,0.2590025285229348,14585.972301935333,4.0,0.8986755033498959,0.11795226441061171,24.31076570521819,41.5207524985827,1.0,40.04928676673638,4.973422167826969,0.0,0
3.0,2.0,0.0,1.0,0.0,4.377049347509913,0.0,0.01078839853927766,5292.038609551344,2.0,1.3793640103271672,0.0012879258664722731,19.60319600384234,25.470841559830813,1.0,32.31760233458035,22.676368501158287,45.90656035580923,0
3.0,5.0,0.0,1.0,0.0,2.6547000544712427,1.0,0.0077638103815655685,8198.962661778394,5.0,0.8978202817318585,0.0898545727512742,18.457020907628486,41.47281569752892,0.0,57.38644666141276,5.289586511270294,4645.54151567901,0
2.0,24.0,23.0,12.0,26.0,8.0,18.0,0.9842236156473104,467883.34664341324,7.0,23.41049032685493,1.0,71.92726524950099,58.087532879739975,2.0,467.0099381062506,160.01276165595806,454688.3086276443,1
1.0,4.0,1.0,0.0,1.0,4.794690211370184,0.0,0.09690969555771892,7319.523235479366,1.0,0.029342939701329618,0.1308856218904731,18.63140170146581,41.04406471648004,0.0,41.19105722793577,20.330675165929872,8149.606532004422,0
1.0,26.0,16.0,7.0,12.0,6.516116460644927,9.0,0.6922446531592775,460713.1853119241,14.0,23.53043747675654,1.0,96.37275152746835,41.475924427135276,0.0,513.4947873322682,242.27016746672362,366741.6621594066,1
2.0,24.0,21.0,11.0,18.0,7.630516329821529,12.0,0.9867890290130762,673902.1564991499,7.0,29.18925816131967,0.5798259746523123,85.72232904068412,79.17794541524322,2.0,475.94138045819705,291.04478630144536,337733.2174621548,1
2.0,5.0,1.0,0.0,0.0,4.265532580830051,0.0,0.004745305897142812,4972.360508939741,1.0,1.4992339523114997,0.4628511216648172,18.391507141664892,38.836449645488116,1.0,15.950365497037296,13.951177152357628,1316.2028125498964,0
4.0,2.0,0.0,0.0,0.0,6.078379131993129,0.0,0.10526003333426756,4898.371503958586,5.0,1.1768752391862474,0.10929068963954293,21.36943266931381,30.334955506889077,1.0,27.89551857966069,12.034010080480646,9542.075614884208,0
2.0,27.0,23.0,10.0,16.0,7.700275300593288,9.0,0.924455453194495,545196.5436070823,11.0,29.738819668637102,0.9308853021373558,81.4422029534175,59.9144360838529,3.0,240.0216682123446,157.95968322453302,577729.1363597742,1
3.0,35.0,21.0,8.0,17.0,7.831230397019268,12.0,0.9445638037176929,569793.640317365,10.0,29.84874770501092,0.6106386406245052,77.12899399377034,56.341843121525244,1.0,400.8694276352036,149.37409282935417,498919.7173647798,1
1.0,28.0,17.0,7.0,13.0,7.965964722170018,13.0,0.9693467079695107,500258.4200722781,9.0,20.177060193044635,0.8057612126552778,72.6647321718924,53.816806139099214,1.0,461.4313849185093,153.19035041844495,597734.4898579218,1
0.0,22.0,23.0,8.0,19.0,7.631096013314097,15.0,0.8159297468327235,494614.58726049855,7.0,27.93802877657691,1.0,81.75153136163733,59.43479098744039,4.0,347.537024115044,109.14462352541253,240450.73803751852,1
1.0,28.0,16.0,8.0,19.0,7.766575490060842,9.0,0.7734170443130839,708710.1290899301,3.0,21.77783860031184,0.5261341727249997,46.25377833765533,81.16760053202566,3.0,248.94232010620667,218.39352021603628,452133.25101719564,1
0.0,5.0,0.0,0.0,0.0,4.24630996479414,0.0,0.022415135609748386,10645.913578581924,2.0,0.27652723928719936,0.0971208188680495,11.815252038759358,45.01705987448822,1.0,53.72617786561331,22.540412409322272,13037.748463238317,0
0.0,2.0,0.0,0.0,1.0,2.6843080784865285,0.0,0.19832270511954947,14925.715004129373,3.0,1.3557318257837736,0.020927724916040186,30.31881189224196,34.21973733407669,0.0,38.73177462649539,16.802629371913625,11162.841647278547,0
0.0,25.0,19.0,4.0,14.0,7.940003774194974,17.0,0.9512578940140095,496703.6552629641,9.0,2.983220052189523,1.0,66.25185465784129,75.66201728200632,1.0,440.8440892151996,147.34549900450568,379571.7718109463,1
1.0,4.0,1.0,0.0,1.0,3.968553202311209,0.0,0.12350488416684159,7516.925693303972,2.0,1.4228376842266612,0.3552548461084364,11.655569790955397,46.25786149011932,2.0,58.02595046559327,5.513038158040505,10065.543794344523,0
0.0,7.0,2.0,0.0,0.0,3.896798383289503,0.0,0.01267135790831043,4429.0711630479655,4.0,1.8817461552798713,0.2718978410855778,19.60565486529281,47.06560347767448,1.0,34.10893632655649,15.073693541056716,8302.345186850695,0
2.0,29.0,20.0,8.0,12.0,6.994414382974095,20.0,0.9403780463634567,532570.3627788936,7.0,31.712965429345005,1.0,73.57306256624688,63.93675717366797,0.0,180.22538347874416,109.86052163663926,460200.18251502316,1
5.0,4.0,0.0,0.0,0.0,4.648142144626706,0.0,0.15657306324440656,2309.4854050010026,2.0,1.3718035000498416,0.1354631229542768,9.816278670220786,62.41306618632098,1.0,63.26607106983542,21.091731321511922,4910.491560953058,0
1.0,6.0,0.0,0.0,0.0,4.598981900702346,0.0,0.05590390611430974,13982.826884720114,3.0,0.44937158959438384,0.22958896949421506,18.342140522463676,27.707049438962578,2.0,73.68354138008785,26.97190518142704,3745.655799259939,0
2.0,20.0,23.0,6.0,22.0,7.663301531418797,16.0,0.9740448648445577,360854.2080250398,12.0,13.548373840186859,0.6203602613367629,62.02718802422101,65.69574492343466,2.0,372.2802709019478,223.9211398863677,627515.6145345705,1
0.0,19.0,25.0,5.0,24.0,7.452495110053036,19.0,0.8020913576988711,602258.9340345005,11.0,29.92679964626212,0.5527584876694892,72.9032621174395,64.1905932655169,2.0,402.6985759798668,199.6165614072053,452201.79163946456,1
0.0,2.0,0.0,0.0,0.0,4.584723314585235,1.0,0.10961256982561188,8124.713794658514,3.0,0.6893116959762444,0.23999476951023765,19.927365699649226,34.761019120113176,0.0,31.50337168004807,24.717470791143455,5793.658042280317,0
3.0,3.0,0.0,0.0,0.0,4.726698042104577,0.0,0.004005205124174456,7121.475392330339,3.0,1.7780081634749885,0.18523062064299675,24.0248984070222,38.89218539505429,0.0,31.65961163916056,3.587895369009537,7072.053193836467,0
0.0,4.0,0.0,0.0,1.0,3.967149283884415,0.0,0.4190368125013909,3691.0885021009653,2.0,1.0151232824279768,0.053031268606476854,16.43277140005619,40.18795803216168,0.0,29.27288607275679,10.609680301623127,6130.898315246862,0
1.0,26.0,16.0,8.0,19.0,7.196658595998835,18.0,0.8696067929807092,375747.22478329815,12.0,38.873500605880274,0.8906780945901249,69.04704317008184,43.39128891850379,2.0,537.0084314235219,179.0083249172703,581075.1967291688,1
1.0,26.0,19.0,7.0,20.0,7.1816968740214,18.0,0.9446879671148958,542256.9536636178,7.0,33.04025125755435,0.7406736364921057,74.69077729238082,57.06978666682622,2.0,410.25650688730053,163.4456580131827,294262.3362554276,1
1.0,2.0,1.0,0.0,0.0,3.547203706154206,0.0,0.1590885364953846,7787.0368054436885,2.0,1.9742132770505734,0.19808417117557808,16.93494502610455,19.998812063958813,2.0,43.185497919819184,5.833801312803876,7120.846389794352,0
4.0,4.0,0.0,1.0,0.0,4.336873320689385,0.0,0.20713187792698032,3312.966592466888,4.0,2.035199304455311,0.0075567434434183215,19.07147795006925,58.94567849944158,1.0,46.026224197071734,31.879883312666898,8770.276040113755,0
3.0,20.0,21.0,7.0,18.0,7.477455559512432,16.0,0.8642333266673887,600442.2140344033,12.0,28.75919568559453,0.6024147707334763,95.16270893949375,40.46289238378348,3.0,427.2529425407778,233.88273555768015,495711.2828151091,1
1.0,22.0,27.0,13.0,18.0,7.180954536653257,17.0,0.7634778744983043,299644.57404470077,7.0,29.528492897030127,0.4760683853534078,66.33068978607555,76.45983563959115,5.0,289.493643529465,207.41751927052505,595478.3070062355,1
2.0,5.0,2.0,0.0,0.0,4.768444305594613,0.0,0.04613341008037811,8279.834357645497,4.0,0.9500773130642817,0.07683020057528847,29.555802394984745,34.379907455251946,2.0,36.604968504517984,14.482331240721782,5786.965466646509,0
2.0,5.0,0.0,0.0,0.0,3.548625709932448,1.0,0.19165979326673607,5401.577469593342,1.0,0.7816022199460851,0.033018480024451395,15.7807713219507,52.98604113312379,0.0,32.10710881012193,19.143233505425066,7114.716032293137,0
0.0,27.0,24.0,6.0,21.0,7.495509262365349,7.0,0.9961283368380038,646536.089622845,10.0,23.02789064292096,0.9208687394463281,77.22067545313689,65.11064123856863,2.0,560.2029582941084,169.97830968691673,457492.18602259236,1
1.0,8.0,2.0,0.0,0.0,6.077136475331643,0.0,0.245777194659838,8320.330498492342,2.0,0.8928777283145448,0.08804172022623878,31.03358411847113,38.75915862615528,1.0,41.39089307835929,20.475987222949158,4144.453722635374,0
1.0,2.0,0.0,0.0,0.0,4.810742155796194,0.0,0.23962400724255198,9713.931714623335,3.0,0.4828211149531507,0.15435568018955348,7.257968405739916,42.26888229529262,0.0,41.64920338221441,13.2718563575253,9451.823160995988,0
2.0,4.0,1.0,0.0,0.0,5.62309514951162,0.0,0.1480419642103129,16239.063597358961,1.0,1.119791822072761,0.06837259881561526,31.749921277992883,38.543683683913756,1.0,40.4759379780331,4.203225672108845,11572.55313277427,0
1.0,1.0,0.0,0.0,0.0,2.9876317069402747,0.0,0.08605265533427266,3237.710655546759,3.0,0.3992402670406393,0.02593347830173116,10.991049346406893,37.154881986733336,0.0,34.38983201889589,33.31600492276604,8555.87455350346,0
1.0,2.0,0.0,0.0,0.0,4.823291066251971,0.0,0.08300923940737619,7758.742987544986,3.0,0.3188752600662702,0.08500906640199116,20.600357929490396,52.05135131086108,0.0,58.424367353996885,29.35650422705644,5330.535091344054,0
0.0,30.0,22.0,9.0,13.0,7.2001783455241455,23.0,0.9950881184807236,708988.4606197996,11.0,41.4018672583855,0.6755687068918401,63.62647854638808,48.458034764017604,1.0,410.89716318942516,174.84562434237685,785948.959667525,1
0.0,21.0,14.0,11.0,14.0,7.775487365444963,14.0,0.949640446744495,700946.1470256309,9.0,7.840931052123459,0.9059976475309574,86.4055403218023,40.42189825059345,1.0,381.078507853254,152.41586295662867,509910.30258897383,1
3.0,36.0,16.0,7.0,22.0,7.290835065988556,15.0,0.9606122439227516,431074.1027778167,8.0,15.717905582194776,0.6220677591395098,69.39783017919873,71.58496012782916,0.0,419.56065070626727,124.2645515053008,511955.0058162164,1
0.0,26.0,29.0,3.0,19.0,7.911653976413357,10.0,0.4691926483640583,574338.2383449376,13.0,27.294033729739745,0.6046598946542743,78.87843336982408,53.432418418381154,6.0,201.033950995177,296.71403367671223,413464.03059939016,1
1.0,23.0,19.0,7.0,16.0,7.506363713986514,11.0,0.6091665463798617,346381.91486169933,10.0,33.248021533251226,0.8658944639464019,75.05579876824619,61.397806679808234,3.0,457.80448451201073,218.9647165938955,409147.5402219201,1
1.0,26.0,14.0,6.0,20.0,7.5281886465953916,15.0,0.9950311547140354,189990.1823482326,11.0,15.1422519389768,0.7897642836704002,88.50814022058805,74.7409043534604,2.0,518.2011633554608,151.05234180520907,441361.67876762187,1
2.0,23.0,14.0,12.0,16.0,8.0,12.0,0.9361990340762528,719177.9566207525,8.0,26.715415347407276,0.651960124502956,74.78003967036514,68.72268425629986,3.0,144.94829376494567,249.78747557801734,639130.1981944118,1
4.0,4.0,0.0,0.0,0.0,3.8069470624139705,0.0,0.03536721854095828,7245.0051925425005,3.0,1.7196678856056882,0.0624406114008613,15.463763041681332,58.55496921303111,1.0,64.59286023621135,11.268357162831201,6904.359395483495,0
1.0,32.0,21.0,8.0,16.0,7.285856478691626,14.0,0.9382746866711626,308760.17670591525,13.0,23.150363582430586,0.6746040584474873,76.2395132223389,63.52075132778712,1.0,314.84751749933497,219.90468308274004,526600.1645389735,1
1.0,23.0,14.0,5.0,18.0,7.590887974839511,17.0,0.8635530045647036,648211.282177909,7.0,32.153863120736986,0.7703990699634045,77.59906580402591,51.206165726009935,3.0,366.7311317004686,169.99291035948957,376796.8527171717,1
2.0,2.0,0.0,0.0,0.0,4.904190345123167,1.0,0.04615439296655022,5150.380506591359,5.0,1.3680280668691873,0.25976360296795753,16.74566567443396,49.6805677113728,0.0,61.85033276374395,26.17336377558553,1537.9105359388832,0
4.0,3.0,3.0,0.0,0.0,3.736555386374604,0.0,0.12154230492983555,0.0,1.0,0.37435968323865665,0.06461896150896626,15.835510387893788,37.38282257956116,0.0,62.307507901872874,25.363746936105215,11249.54874453553,0
1.0,39.0,26.0,6.0,18.0,7.409003528098597,18.0,0.9181802436645589,362583.13095130795,13.0,24.40043731932839,1.0,83.35052506457546,49.1614085732451,3.0,425.31727256324893,235.83100659882027,125666.97475229797,1
0.0,5.0,0.0,0.0,0.0,4.214885875207596,0.0,0.0018988872653768164,8440.722311125432,2.0,0.5977510902287944,0.023476246071474655,13.303804871463605,35.97562608645421,0.0,27.64162682948124,20.760379283978516,2103.7227453929427,0
1.0,30.0,31.0,8.0,17.0,7.800135441346151,8.0,0.9705466900171024,597939.3870166653,9.0,48.84551870993687,0.651100601415764,61.729459766613196,60.66237206052615,2.0,286.35954561813065,109.05333499030053,295197.8502822274,1
1.0,19.0,20.0,7.0,15.0,7.631075481964729,11.0,0.9953633707435812,447984.706019989,13.0,51.5168484767797,0.6595680216411112,84.78812545398694,56.67710822276145,1.0,250.6309444023154,130.1153648651982,551562.4351212312,1
0.0,27.0,17.0,7.0,23.0,7.396193257134775,13.0,0.943175182378345,589527.0239179368,8.0,17.86759926609957,0.9230748808069612,61.26361869871256,93.62886628569282,4.0,433.5357535197671,207.392300817879,568680.7471151832,1
5.0,4.0,0.0,0.0,0.0,4.013241865195647,0.0,0.09347016923284997,8137.62998394211,5.0,1.38057527490316,0.3559009159464877,3.998276281231437,36.215939658214374,0.0,19.85010344556603,23.729640724689304,9285.489436979717,0
5.0,3.0,0.0,0.0,0.0,4.018768965453299,0.0,0.0239878876213295,12055.587336411021,1.0,0.8849319034441812,0.08614376205477674,17.274734594102597,35.7007648536049,1.0,23.361114161432344,26.917632293931504,12110.849353971727,0
1.0,26.0,18.0,6.0,21.0,7.78440196765457,13.0,0.9229832296585019,485238.33749115677,9.0,21.104544468099764,1.0,69.0057833936472,67.54986444445662,3.0,343.7198750039106,160.86652041116008,428767.5132366361,1
1.0,21.0,17.0,12.0,17.0,7.668876660057726,13.0,0.7013883229768596,483492.3095836274,12.0,30.280046049218708,0.7608944960158477,84.13861726894388,45.93959521762882,4.0,339.3823093977948,142.4826260315695,636921.5569740855,1
1.0,2.0,0.0,0.0,0.0,3.00965651183163,0.0,0.13772440583897672,6988.9692378623,3.0,0.8661864675519607,0.15797512521972712,0.0,36.490623677418924,0.0,62.3192190369523,18.653438878258076,6659.352795176074,0
2.0,2.0,1.0,0.0,0.0,4.161089965213782,0.0,0.14794728909383398,9845.400447942824,4.0,1.0517285824468487,0.007832368526447728,7.907399500817611,40.71503087903385,0.0,52.837446971589856,0.0,9562.22784787893,0
3.0,5.0,0.0,0.0,0.0,2.26741097905939,0.0,0.0064667798918657,6086.66895400242,1.0,1.4035485578274811,0.03629802501872705,16.236844052031074,43.38005750708059,0.0,57.428598445698796,27.9998883854188,6599.934356820544,0
2.0,2.0,1.0,0.0,0.0,4.83080016414602,0.0,0.14091099016171468,9979.725218093194,3.0,1.0391144071784186,0.10062207381210857,20.40783419550527,34.19577456788207,1.0,55.143132308041025,27.223769429784127,5797.9265923344865,0
2.0,5.0,0.0,0.0,0.0,4.7671707070196945,0.0,0.2750444719327186,9009.383325365789,2.0,0.9055655753477617,0.18218017670458395,19.301749880262424,36.06186690273884,1.0,39.10895903990986,19.521024324070652,13410.407983867417,0
0.0,3.0,0.0,0.0,0.0,5.390600678867919,0.0,0.08160397685460478,0.0,3.0,1.8804511930638037,0.010041688247011222,25.68364061977336,36.965243115484824,0.0,33.25536863991792,11.945590684982575,11700.102650241632,0
1.0,27.0,15.0,7.0,16.0,7.70642741506988,12.0,0.8132732816286184,594698.0433160905,4.0,38.99285427167632,1.0,60.1629018724697,53.60836427521353,0.0,381.07504051614444,148.862792913123,610486.0129289693,1
1.0,19.0,19.0,10.0,24.0,7.255697637416476,18.0,0.9594698376817998,419045.6349701359,8.0,31.125147936494127,0.9800926199464838,54.518926597008424,48.69211489641577,6.0,381.18166139760274,177.71738868170002,466306.4753982779,1
0.0,23.0,17.0,15.0,17.0,7.59451687943867,13.0,0.870055893266904,558443.7301833517,7.0,17.899415138576558,0.9093255383175196,79.73350305279943,54.484647017834426,0.0,218.87922060035322,155.35973191852938,776450.2440450166,1
0.0,20.0,28.0,7.0,18.0,7.918043767505726,12.0,0.9533351911690414,506576.5934320241,7.0,42.43857174327148,0.8778273914394736,68.48078714606558,64.22338205915293,0.0,438.9928807219387,152.8045148739027,732810.0982111053,1
3.0,5.0,0.0,0.0,0.0,5.203476290877664,0.0,0.09011062284843402,6294.793647944794,5.0,0.4575193482717117,0.13317699955077075,15.947795541259197,36.000839748957304,0.0,41.86906064118133,9.70121769056083,5831.055960196823,0
1.0,3.0,0.0,0.0,0.0,6.232337024710338,0.0,0.10333564245963933,11181.421655172308,2.0,0.9603979795059943,0.4100649892023766,19.191668329938796,43.96418864796028,1.0,10.213015139335432,14.292544988461776,4038.434019891502,0
1.0,5.0,0.0,0.0,1.0,2.6143966253997446,0.0,0.010687338023636844,8592.892384733914,1.0,1.705381427156102,0.2816254514875948,2.8720495207738033,56.04950454468111,0.0,35.82609942448631,21.910384115299504,9356.06490735268,0
1.0,22.0,9.0,9.0,14.0,8.0,12.0,0.9085320392018611,310484.2130174178,7.0,42.70404823368279,0.9526855722773782,69.59767867776185,65.26481239680044,2.0,324.1043291765144,218.5519521023784,351364.1738069283,1
0.0,4.0,0.0,0.0,0.0,3.6891654409469847,0.0,0.013815736998044652,7794.628566620122,6.0,1.397729937435202,0.08894353772384475,6.312187141158876,37.53478571283426,1.0,50.45377993679442,23.30855037929915,9694.674220653927,0
0.0,31.0,16.0,6.0,18.0,7.403477726926692,24.0,0.9437741599526734,738135.7260137063,13.0,22.755984809180525,0.8409743510810365,82.06703465165808,62.150789755290035,1.0,310.30722317328184,120.13730220230597,646007.7973985536,1
0.0,3.0,0.0,0.0,0.0,5.024937889614103,0.0,0.1015044065536525,12226.439396166426,2.0,0.4634999229508229,0.6591425521107581,5.507223638987766,50.933061249292855,0.0,73.56922952480518,9.010138289473566,5019.542195580745,0
5.0,1.0,0.0,0.0,0.0,5.1268559135765415,0.0,0.006401589043581553,8398.841505296365,4.0,0.3416792856709949,0.23129725605028625,18.891080490648637,38.50812417307987,2.0,59.158893358180705,18.40082507250745,9032.450648575576,0
2.0,21.0,17.0,5.0,13.0,8.0,23.0,0.9561532540526766,648523.1508666009,6.0,34.054464151333185,0.7168144626375675,70.97796974690972,73.65548343826299,3.0,445.24507560812475,112.6593230155742,485220.257414832,1
2.0,3.0,1.0,0.0,0.0,3.9159009946392174,0.0,0.0391212368969599,6362.13778995053,2.0,1.5008546100074194,0.40290133290228247,8.975974332451795,39.86728509092315,0.0,25.34667795418838,15.289621114078614,4611.135812779005,0
1.0,29.0,25.0,4.0,22.0,7.113638203349958,16.0,0.9056760565944393,417459.4353467402,7.0,21.771478812410802,0.7525832848230963,82.04863306104974,56.654744162155,3.0,342.15427946738725,148.89175492676114,599112.5528645618,1
0.0,24.0,20.0,8.0,15.0,7.103570285590137,12.0,0.7002509377837941,537483.4091418887,9.0,32.4006862075736,0.753579522221549,80.14696149154352,67.29805305750907,1.0,488.03137519629183,149.91688521177517,739983.4381936962,1
0.0,29.0,21.0,10.0,14.0,7.888235386739881,10.0,0.8736405299568419,430486.782687605,11.0,32.12309653490119,0.7685118507704367,89.16467665665174,55.31561100140031,2.0,422.07576788800054,256.21386417869144,446136.889535391,1
0.0,21.0,21.0,9.0,17.0,7.3962445942125035,12.0,0.6965213906519861,263630.4794120323,7.0,40.8063411877896,0.8465380590895242,63.28023792840785,80.07445186594894,0.0,269.69456832485105,205.54118017039536,523287.5487561461,1
2.0,19.0,17.0,11.0,20.0,7.635185677468952,16.0,0.8629800175974027,492120.89469152415,10.0,43.10303909159023,0.7916017116247636,90.98879463229753,46.100505462856376,1.0,379.6763664476869,196.20326684419422,466752.1391656917,1
3.0,6.0,0.0,0.0,0.0,5.603470384767505,0.0,0.0035738233156118143,4383.643335403679,2.0,1.2194082616808484,0.11963069774587272,14.134154336276314,29.640161129507163,2.0,53.10361303729546,16.504973153564006,7751.4466199973585,0
0.0,18.0,24.0,5.0,17.0,7.091837297564475,17.0,0.8967341031690107,351956.01408097846,14.0,20.522561598467682,1.0,82.86931090466302,74.17150601576505,1.0,428.4898768584967,191.26683480118234,793756.0333589364,1
0.0,4.0,1.0,0.0,0.0,5.871121228563247,0.0,0.11965835551226671,5326.9199787788075,4.0,1.1094096855234001,0.03463231534192455,32.20558425892571,34.34413546529508,1.0,16.697236866320395,17.00592495929062,12048.260650951052,0
2.0,28.0,21.0,2.0,14.0,7.8834376323109385,11.0,0.6505126853707931,360322.4073652921,10.0,19.817070191957335,1.0,80.5522109698845,42.22725232881225,4.0,332.0940490750359,151.92295521805357,641742.165722874,1
3.0,2.0,0.0,0.0,0.0,2.8104766477818743,0.0,0.22733073944599136,4253.608729559003,1.0,0.3596563743294665,0.05830324037976204,20.7061777906177,59.20175371538183,1.0,42.90761191615764,26.44997263432012,9910.866089260875,0
1.0,19.0,13.0,11.0,25.0,7.955480321233576,17.0,0.8081545700947887,466669.17122436705,9.0,0.3992675272748656,0.8162835727887401,72.18484793389742,59.720519758015385,1.0,226.01369119813063,215.83262589981177,236712.74460494163,1
0.0,41.0,20.0,6.0,15.0,7.251400385831075,21.0,0.9749963310695192,610936.2662313383,8.0,30.497076640332175,0.8348110117488712,79.78902123712145,43.84055286260174,3.0,489.43741128205954,240.0208443544485,674744.4751114852,1
2.0,3.0,1.0,0.0,0.0,7.014447453266161,0.0,0.2992231998794951,7690.2445294711915,2.0,2.222989305719014,0.07702828020370968,3.4819060105984256,32.6747092807543,0.0,4.185366872636628,16.11383937327681,2986.2968441612275,0
0.0,23.0,17.0,8.0,14.0,7.24735075202322,17.0,0.7835902393376643,762432.3243176033,8.0,9.345282081501804,0.8505853217786221,92.40021657290286,66.77488620790088,2.0,378.0469855074334,187.52914818012906,269107.1002572115,1
0.0,4.0,0.0,1.0,0.0,3.552589794298383,0.0,0.08045619693545163,7631.829845515884,4.0,0.9392007048267288,0.06650146433909847,14.320977474103824,47.38529284033174,2.0,12.055876782515185,14.030281562211043,15073.399170124158,0
0.0,31.0,24.0,10.0,20.0,7.035373946704923,8.0,0.6460427407659464,29924.177618067828,5.0,37.346178933106614,0.5909561347775292,85.63268671521197,64.3725135940898,3.0,438.90963508998914,164.28013579831492,345628.7068873985,1
1.0,5.0,0.0,0.0,0.0,4.20430764234316,0.0,0.20781825646513724,7993.711982123215,6.0,1.311129374135103,0.08669028989251307,14.779283177963142,40.47550148434399,1.0,28.705813023501392,13.573663824087003,6367.693455157963,0
0.0,29.0,21.0,4.0,18.0,7.127902645997161,19.0,0.7942603637369178,746927.9013668858,8.0,33.54467849055562,0.7422033101855868,84.5116047207164,48.10967993549109,2.0,474.5757080021672,164.12531621091932,636081.7601875986,1
2.0,24.0,25.0,12.0,14.0,7.060258597403876,22.0,0.9814052510441178,457705.7595432884,8.0,24.98839180511567,0.7856577726253533,100.0,42.60889599641943,2.0,254.79720870510246,182.22964051030368,565925.2802801552,1
2.0,31.0,29.0,8.0,11.0,8.0,9.0,0.742143717895698,593349.1258970752,9.0,45.77470340066928,0.825972929420377,80.38392594782876,68.69448391055418,2.0,263.0085792087617,198.45473263668086,630854.3137419964,1
1.0,3.0,1.0,1.0,0.0,5.137522921749758,0.0,0.009594629343444544,6818.878109119794,4.0,0.6532933344163239,0.29201404696935374,7.889997444747825,30.83120642954496,0.0,22.476034460229226,16.053034491433397,12538.660024260607,0
0.0,3.0,0.0,0.0,0.0,4.745878837739145,0.0,0.04052952693024261,10852.190260818132,1.0,1.4274798765823442,0.1665445846098917,17.13503329426463,38.239085953849,0.0,38.668394809336704,19.42832403976876,6306.982642799811,0
1.0,24.0,25.0,11.0,20.0,7.092740025998824,12.0,0.7220223037365306,423972.7917747011,10.0,36.52349201023067,0.7948366833431024,78.45340448281343,91.86534140631471,1.0,419.1099459955876,148.26757147403066,592673.421538389,1
2.0,25.0,21.0,9.0,15.0,7.4960756712778265,17.0,0.9516494414138819,806500.5380643168,8.0,30.789156651824012,0.8840549298223902,71.64809032383121,63.16930933250743,2.0,463.07037548032287,233.88435883389144,571377.2856605618,1
0.0,26.0,18.0,8.0,16.0,6.840343490086303,17.0,0.9516156941429825,208050.26615503192,6.0,33.10407911864619,0.6696005806024735,89.81043266104348,57.19386639166333,3.0,443.54065860772494,195.13549573642095,510838.63272897195,1
0.0,6.0,0.0,0.0,0.0,3.9884533969194713,0.0,0.0004161696352248353,10841.099505884706,2.0,0.7346665551304534,0.007147458318409397,27.38849875004482,46.49475534590858,0.0,34.7479483903805,28.491660932659983,6231.212672475629,0
1.0,4.0,0.0,0.0,0.0,3.841937330428826,0.0,0.04171116245997472,5913.518650567362,5.0,1.49553334541575,0.020885420818090427,16.20063769995206,41.889964963126154,1.0,12.682816226687354,18.99455654683031,5387.518206916249,0
3.0,5.0,3.0,0.0,0.0,4.158202772124488,0.0,0.06463494527055402,3826.599265530741,4.0,0.0,0.053287990212436416,7.227766294926871,38.77691234259492,1.0,40.69540114374559,25.487506799091523,9575.471870090814,0
1.0,2.0,0.0,1.0,0.0,2.9523722008562077,0.0,0.059031449442843165,10145.205728833093,3.0,1.9060169455393927,0.019663645547606762,13.150504418926932,32.51940765357395,0.0,57.49820058620813,16.73346262927532,3077.4775902583233,0
2.0,2.0,0.0,0.0,0.0,3.9472776874269417,0.0,0.021171061323956904,7116.724857798682,3.0,0.4816365766206575,0.03200956540700543,12.038420233428301,41.79488536093462,0.0,38.235165118202765,28.122262486039986,6269.351100571095,0
1.0,27.0,31.0,7.0,23.0,7.316060912941457,15.0,0.9185582446883285,543779.1805340307,11.0,26.11867750643024,1.0,78.40512219692035,48.89450268333232,3.0,336.3612138004592,191.11260328925044,202916.5893340379,1
0.0,5.0,0.0,0.0,0.0,3.6617009046833506,0.0,0.1527584438374725,8592.71551148566,5.0,1.0850227642803179,0.07759347623019676,37.95218253105526,27.24402404951173,1.0,68.84996018809689,16.769836336004982,6208.994724436856,0
2.0,1.0,1.0,0.0,0.0,6.125012801735852,0.0,0.09238673873783564,3563.0514655879706,4.0,1.472161176059132,0.3924459697118453,29.711411236114667,40.67272115919136,0.0,46.77594018435274,21.00559985342462,8968.029309610905,0
1.0,28.0,33.0,11.0,19.0,8.0,19.0,0.9785415893367788,404967.3746732914,9.0,54.86702892145517,1.0,88.40782605300282,64.90670719971551,0.0,420.9882424257743,190.40803926291431,517152.6511480667,1
2.0,3.0,1.0,0.0,0.0,4.270135518366128,0.0,0.05127932094974371,8052.215702701761,1.0,0.5220587059860373,0.055411929227488534,25.698845690674915,46.77544794258476,0.0,31.3600914664934,1.7984808642769394,7465.800210079383,0
4.0,4.0,0.0,0.0,0.0,3.7056600498173062,0.0,0.005384737825066266,9291.636921618892,3.0,1.1810624879713487,0.04281068172527515,27.992417343889336,47.336364380669224,0.0,22.174314408134922,16.448044293846774,10666.531336563286,0
1.0,3.0,1.0,0.0,0.0,4.761541154619645,0.0,0.06321696502504572,2656.330762434265,4.0,0.7382766787599229,0.057169900464350436,14.062265174595137,32.17127827270523,0.0,32.48738265207201,4.777449231738823,10590.636523193501,0
2.0,1.0,0.0,1.0,0.0,5.536379457876825,0.0,0.28870756523604973,5205.470341350185,5.0,0.31411222110451587,0.10161817363124971,0.0,42.13409965809558,0.0,25.496858624040485,10.832787506694128,11398.286918319955,0
1.0,27.0,19.0,8.0,21.0,8.0,14.0,0.7879111466124553,450638.7846205223,13.0,17.57167506061179,0.8228989231273701,48.90646435405493,74.53933499003125,0.0,385.8009969354747,137.6267786028731,587744.5895698084,1
2.0,26.0,15.0,13.0,17.0,7.207242817621541,15.0,0.9450433373993783,486027.38061444333,4.0,22.399593391660957,0.7888325753910205,100.0,53.948878354622416,2.0,308.614768650138,139.22302806329873,587620.565158282,1
2.0,8.0,1.0,1.0,0.0,4.563263079247531,0.0,0.05856659805202215,4488.975737885694,2.0,1.4632800346085293,0.06162409368513339,20.70784490951226,39.735702553032134,1.0,18.277487180460145,12.190008649326067,8476.745857507176,0
0.0,30.0,22.0,9.0,19.0,7.19218600806372,9.0,0.9374128049486854,516769.387819468,10.0,43.797674845838586,0.9325163601515699,78.5653792235366,90.13183867510207,4.0,289.9708682346202,192.33961698273683,354361.8052514818,1
0.0,25.0,25.0,8.0,16.0,7.512177569470813,19.0,0.9802285545362996,737732.853159128,9.0,26.77914285797818,0.9373378424875412,41.271096521957084,70.86609001347931,1.0,538.3967228258321,215.67235935813065,777722.5771344351,1
1.0,5.0,0.0,0.0,0.0,4.919093046088337,0.0,0.0790288070418089,7680.614543577042,2.0,1.1896695831421198,0.18638128926665956,42.933633930591355,31.503999883377674,1.0,38.29795068414889,18.946265867153002,5680.112860982021,0
0.0,4.0,1.0,0.0,0.0,2.0624994039194124,0.0,0.13492962554776672,8938.584750819036,2.0,1.4941688706057599,0.07089788075782891,23.371879160074272,43.84618235964222,2.0,15.049038814851343,19.582624987101237,6095.160843615369,0
3.0,4.0,2.0,0.0,0.0,2.943945207131962,1.0,0.02385830736368814,9218.677996487308,1.0,1.6276912304538802,0.16198208569061137,26.71309747130689,40.185226186412336,0.0,50.30121031242519,17.8047030949054,2640.0064193134467,0
0.0,30.0,12.0,4.0,19.0,6.80489954260741,16.0,0.7468083585601925,318559.6891527914,7.0,28.91304791282634,0.8322383088656313,82.92849541560116,53.89038269180124,2.0,292.40665563490023,151.13586716553468,421135.53355804936,1
1.0,27.0,29.0,11.0,17.0,7.121229737577246,12.0,0.787839765081508,759376.4787859087,8.0,41.01842124712182,0.8556778895926139,49.68388211012816,46.05279937318199,3.0,419.63141125072644,193.86720337742145,400449.77488495276,1
0.0,23.0,19.0,7.0,25.0,7.397306429431658,12.0,0.7540235284724791,425916.3800392838,8.0,23.100701873337506,0.8674777577248247,72.98716665467398,68.5747546206416,3.0,325.2139029068444,170.96753193798597,612907.5168158205,1
5.0,8.0,0.0,0.0,0.0,3.699381854011347,0.0,0.10014916853363344,8409.241335235442,4.0,0.45805185519717484,0.2256524758533672,22.530851032565366,21.203724013038094,0.0,70.2310954567416,15.457278688014618,7353.719421672584,0
0.0,2.0,0.0,0.0,0.0,4.725095973972598,0.0,0.09370908631143413,16260.097030803423,1.0,0.8631924726476878,0.062520053366657,11.15107850375516,41.348918364142264,0.0,71.25397366149504,20.084287927472083,7459.702097062266,0
4.0,34.0,25.0,8.0,22.0,8.0,17.0,0.9540863768573461,389744.32481579896,10.0,21.084708784859878,0.8889913566091217,69.86548086388353,67.76016921936156,1.0,325.884883685791,174.3417687839555,147803.30925067014,1
0.0,31.0,29.0,4.0,25.0,7.183503672696779,16.0,0.843371450955322,669877.8563357439,7.0,29.828780535216822,1.0,95.99283657335579,66.04736902946115,0.0,392.7649288908228,137.88990280605015,255474.76863769727,1
0.0,28.0,21.0,5.0,19.0,7.6934397261042085,19.0,0.9305814563473302,539947.0451209169,6.0,32.98002471899066,0.9882946659201277,64.49028682351684,38.88638285750018,3.0,438.6043733075917,174.31072361335504,324556.9297737708,1
1.0,3.0,0.0,1.0,0.0,2.341757337887465,0.0,0.014697082429162294,12783.936713527077,3.0,0.0,0.31104826498197397,14.420646846482583,49.519246926765256,0.0,52.96583414018397,26.20377957758223,5929.2284648288605,0
0.0,6.0,0.0,0.0,0.0,2.594944020996077,0.0,0.014537045153448695,10435.562066308124,1.0,0.6493870036842824,0.4280491548656362,19.414157425807225,37.80097193486368,1.0,35.5232661176484,17.34927432921367,9092.123243339607,0
0.0,25.0,15.0,10.0,20.0,7.6325562674072325,12.0,0.8461239969306539,470402.2175433786,8.0,19.58348811077331,0.5656275393957005,68.59309031456789,66.94504339257045,1.0,361.6865717734273,180.24741675913813,572070.0645504867,1
1.0,20.0,22.0,6.0,21.0,7.3753095948179554,15.0,0.6806149319813416,147030.99489573616,9.0,22.024453959389277,0.5895479990657803,60.03490520511585,52.08866543964686,3.0,462.6128701744168,151.41570785390513,133214.5604507294,1
2.0,3.0,0.0,0.0,0.0,4.626123946819426,0.0,0.10814777658430932,3646.7688277812304,4.0,0.42349230903368484,0.07101542296219295,32.89993737641898,52.12754867318879,2.0,47.19427485470409,13.936905563020805,9710.517512325529,0
2.0,31.0,15.0,6.0,24.0,6.973113944161298,15.0,0.7874434812025759,472080.4437455721,11.0,25.797722537508484,0.7390098151634833,82.0232169555592,60.317335825698514,2.0,287.2899891838749,151.47620823145365,676639.6745238374,1
2.0,26.0,25.0,7.0,20.0,7.07208128007732,16.0,0.9197302282908841,774380.3446797845,5.0,37.95152034764476,0.8187057603256382,82.4692221362705,47.665721759028074,1.0,327.057060985798,238.07745202514099,282860.0069168522,1
0.0,22.0,24.0,11.0,21.0,7.523454520842806,17.0,0.9376924117373994,136004.83687533438,11.0,37.36117236904868,1.0,70.68770994278604,68.49892072330839,1.0,471.26851576145117,151.7142001444894,669266.9460088949,1
1.0,34.0,23.0,5.0,12.0,7.189054575442512,14.0,0.8922349738263982,684000.0464955112,8.0,27.5474062183953,0.6937444472527607,82.39736413283725,52.33216221623982,1.0,417.0280811157917,179.68329060362703,726131.3981520792,1
2.0,27.0,15.0,10.0,16.0,7.827276362029116,13.0,0.9859954529223609,282989.1930509994,10.0,36.18527141802825,0.4529717014160337,46.85002852448566,64.75591800441588,3.0,333.1756842429468,110.13157250635216,475849.71626192017,1
1.0,0.0,0.0,0.0,0.0,5.668081822665298,0.0,0.006404145125778874,6706.86960593455,2.0,0.7267759712260045,0.36661306599502363,7.343060564721101,38.356450698642796,1.0,58.16022863445336,2.9631581706885353,4972.152412251868,0
1.0,3.0,1.0,2.0,0.0,4.693431988183695,0.0,0.13757936502117626,9027.135126055427,7.0,0.3553324012990242,0.20126854055066434,11.192454209507435,51.16885311241398,0.0,62.54802121046032,9.086523697425461,4477.97502193207,0
0.0,25.0,17.0,9.0,17.0,7.618140158648422,16.0,0.8926464542873368,417458.7753463667,5.0,27.16499706100631,0.8858430775474848,85.25130573259425,63.51473006044115,2.0,546.0459908946117,202.6204448661789,631292.6697004661,1
2.0,3.0,0.0,0.0,0.0,2.7226922456826683,0.0,0.07279087921004587,4174.016745694551,2.0,1.5076659121909264,0.19677999765546306,22.757089800032627,51.217751973221354,1.0,12.958996749179477,17.093968757737578,7814.563427290852,0
3.0,2.0,0.0,0.0,0.0,3.859103420554983,0.0,0.3551934069360021,5346.602233342161,4.0,1.7260440660196572,0.3906080328995906,17.873768637016312,36.57057870483217,0.0,32.28416470266931,19.819355087752683,3344.0415406217408,0
1.0,2.0,0.0,0.0,0.0,3.434504698957751,0.0,0.15332777935032263,9875.47841016754,3.0,0.4273860145566386,0.14341031141789615,9.318565039115374,51.372196073478214,0.0,36.09231768700422,10.398253836633723,2623.4751275055305,0
2.0,6.0,0.0,0.0,0.0,5.428394368334384,0.0,0.1364333681505747,9417.915819981827,1.0,0.720032102819224,0.20820417243175843,13.558626205201973,48.811905015310955,2.0,43.57532639917858,14.19904386450731,11894.90739781934,0
2.0,9.0,0.0,0.0,0.0,3.385830018013887,0.0,0.17819051704362748,11563.639259717833,5.0,1.0102542820081672,0.18021424207886513,22.39352395386426,46.39470334757199,1.0,46.077627102888265,11.45927809608507,10469.422908101906,0
5.0,5.0,1.0,1.0,0.0,3.9344595253707637,0.0,0.020629420196365312,4957.548187958077,4.0,0.8809941385600604,0.3550560437618997,13.561658585666732,40.831016708676735,3.0,43.102859759136884,24.870323262508546,8287.422533467696,0
0.0,29.0,23.0,10.0,15.0,7.881033433853968,11.0,0.9499758821026224,458059.3987915605,7.0,36.4734215404715,0.6016747673415522,66.47396978928327,69.88272390473985,1.0,374.66340896601207,152.98871775971486,387978.7417992751,1
0.0,5.0,0.0,1.0,0.0,4.6097512196232895,0.0,0.05827106236975506,13218.92679928608,2.0,1.567914924425065,0.10561131747265405,11.107528952977525,37.21153061676257,0.0,29.962255254420914,4.094795891317947,2886.888386802133,0
1.0,25.0,15.0,6.0,12.0,7.498827829669896,15.0,0.7864755155599893,785255.1566598786,9.0,40.2633498736549,0.6806410695936735,80.12790016706123,48.45452599918702,3.0,390.66479520506743,199.98834362832895,415017.2488659338,1
2.0,30.0,16.0,7.0,21.0,7.835714143597466,22.0,0.703643917889424,574342.0752828867,8.0,19.351089242063455,0.6754421713934485,75.85881525161264,61.15627985878708,0.0,374.5037385282022,173.22364243774615,433415.5939540858,1
3.0,3.0,0.0,0.0,0.0,4.539641766713351,0.0,0.06316000766894027,8146.238657603497,3.0,0.5082097515365945,0.0015383244926733088,17.580433868035996,26.510485117924077,3.0,17.95837442920473,12.892986596416204,3898.520898504642,0
0.0,29.0,20.0,7.0,19.0,7.131480873548042,22.0,0.8860663266586762,322549.0696518511,8.0,35.89095623011749,0.611373206201765,61.13786341998011,54.925474916451066,3.0,485.25344552244945,115.3291627516633,307108.3376444159,1
3.0,32.0,14.0,14.0,22.0,7.904918293267673,12.0,0.9696361745560317,810881.4297051202,12.0,46.85854319825613,0.8893816153473324,89.60510571770178,42.58614896815665,0.0,546.7804991300403,126.55400715150346,494864.47741353256,1
0.0,25.0,17.0,5.0,25.0,7.2495050266346235,18.0,0.6597980040165329,573465.0388458692,11.0,24.90405681583035,0.6965247889734141,74.40960064236349,93.07363971085638,4.0,381.8057079762164,222.34167633854997,513731.0986970476,1
1.0,3.0,1.0,1.0,0.0,4.162244965551469,0.0,0.05881567169084903,10246.647231210942,4.0,1.4459487877535477,0.010088371725321335,15.079216191913966,38.947951842370315,2.0,10.600718751101642,16.222965688960013,9383.636356113042,0
1.0,29.0,14.0,12.0,16.0,7.420371364809014,17.0,0.7734639425721126,562834.1855712796,9.0,41.5248589528818,0.8152050087063358,87.3166027088951,70.84986658100513,2.0,321.07337505184955,234.575400586704,362495.84541838395,1
2.0,3.0,0.0,0.0,0.0,3.457321145298847,2.0,0.11869557474401089,11391.406505200497,4.0,1.904149547246861,0.09153835214837579,24.022275498914976,34.24105581751247,0.0,41.43824438912596,18.507241627058956,7186.985645334819,0
2.0,27.0,21.0,8.0,15.0,7.902278636467716,11.0,0.8384571401004726,681552.5648739417,12.0,39.45598441540431,0.7069239184708024,85.74914746069066,65.40122231421323,1.0,426.43239628586997,196.6687927914029,662912.5762878861,1
0.0,7.0,2.0,0.0,0.0,3.9336029248074915,0.0,0.18113537426823315,15655.144160273696,4.0,1.4469091767787918,0.03261114271524929,15.353068785564464,53.91710472632499,0.0,15.5027809627207,1.1862547814366042,6709.429999664264,0
2.0,3.0,0.0,0.0,0.0,2.302064481498504,0.0,0.11530943502148373,7457.888728825406,2.0,0.4428051734746423,0.24161291017864783,12.852098327334964,37.666765924808836,0.0,35.62011607859984,9.00483375268187,9546.020462218277,0
2.0,3.0,0.0,0.0,0.0,4.671250457845894,0.0,0.22325856424658452,4094.459168934967,1.0,0.6691878037680905,0.13606167274364078,11.981321300265453,50.96803525533042,0.0,49.08898761470195,17.189018196276887,10754.245881051145,0
3.0,14.0,22.0,4.0,15.0,7.33532639646174,18.0,0.9578164140329435,576460.4035515853,5.0,33.12201170928456,0.7916170920654867,66.89234987580221,77.40697366381598,3.0,407.4402771343846,227.14767098665632,482748.92694459023,1
2.0,20.0,20.0,18.0,19.0,7.934653526186535,15.0,0.8567358646217568,323769.4795138958,9.0,47.37942691619644,0.8357300037176885,100.0,61.84333828838825,5.0,303.9973735819102,158.05935560404953,296324.7783791598,1
0.0,28.0,15.0,8.0,18.0,6.9044955818263,16.0,0.8180279738636304,654964.1628529339,8.0,29.971115140098707,0.9283462067582317,95.49937775022693,49.376528809424165,4.0,428.26984187353656,209.39268266914837,334587.62121344294,1
0.0,23.0,13.0,11.0,19.0,7.982468680813937,20.0,0.9285788437238176,449748.10261155205,10.0,36.400405364189304,0.8874999445036486,82.07280475175938,77.13035635311778,2.0,514.7487885975116,152.11536616579212,281487.21913224924,1
1.0,5.0,0.0,0.0,0.0,5.281374793937147,0.0,0.14120797400468119,14697.72672958118,3.0,0.9666056605855946,0.13430404799397272,28.794544387605374,49.40886200358835,0.0,54.04643919199746,10.318291983518503,6785.999391001896,0
3.0,29.0,17.0,10.0,20.0,7.333143360553897,15.0,0.9592724549863394,741230.8891168522,16.0,27.623403893999654,1.0,78.91981052977916,88.06948377827311,3.0,393.08410756687823,215.01422989880265,591590.3320275932,1
3.0,7.0,0.0,0.0,0.0,4.436324282028201,0.0,0.0930231059832034,2244.899491039202,4.0,1.7238564916370351,0.017838086964024877,9.736166194411753,43.91726957247167,0.0,63.48655713181621,10.50342499911904,1273.7938395929878,0
0.0,18.0,12.0,13.0,11.0,7.546411358914749,10.0,0.9629469835860531,509442.940282403,10.0,26.58378668463061,0.7062918499079757,48.91275567905993,56.5821461410683,1.0,480.05688389079114,240.91584277479967,623592.3870786076,1
2.0,25.0,13.0,7.0,18.0,7.885917294545929,9.0,0.7519102207894433,489772.4378111231,8.0,25.453188226439757,1.0,50.961242318433534,49.91420714462394,2.0,490.1230625425994,186.11270375834306,485238.5084399829,1
1.0,5.0,0.0,0.0,0.0,5.5221358940784775,0.0,0.12388113485226979,454.78028806648217,2.0,1.504842869259411,0.02907156344249952,26.724588698990786,36.03103548081211,1.0,29.47194244673547,17.248074043894498,12283.939307325358,0
0.0,30.0,27.0,3.0,17.0,7.652276387406665,16.0,0.712566052566342,515047.3913238063,14.0,38.43675550118861,0.7993390926132559,85.42338351435814,67.16115529091921,6.0,361.27792800687774,153.58849851525184,655180.7631442174,1
3.0,23.0,23.0,2.0,19.0,8.0,17.0,0.9461782258580839,559307.912734457,10.0,24.077415287105225,1.0,73.55944748001065,72.09977073204726,5.0,448.0292990089593,216.11393745677685,359946.6041940212,1
0.0,20.0,21.0,6.0,18.0,7.663644079652016,15.0,0.9386477275555489,673328.9436574264,8.0,29.43978621909119,0.6669746795955358,70.91282701333228,80.25829227304328,2.0,439.70655849460366,164.2686171490777,344000.84690824605,1
3.0,3.0,0.0,0.0,0.0,3.652995279155005,0.0,0.12310186176680307,7200.583751595503,3.0,1.2684087282989336,0.29382378404961124,12.940865945205157,40.06689906270103,0.0,31.91539737581359,20.982794833545377,9193.263428226051,0
1.0,22.0,19.0,10.0,23.0,7.562573867341399,19.0,0.5653707965244179,551385.4777556314,8.0,22.96961790051336,0.6398865213535337,80.39632594123806,47.70162618302922,2.0,520.3811921598087,118.36242789792055,653028.5209201167,1
3.0,15.0,16.0,5.0,26.0,7.41766825820769,24.0,0.9962615590320015,468441.51741638244,8.0,32.256858744239764,0.756829656207747,84.84304768610532,58.06239766056857,0.0,433.5031527255229,182.64278752161218,519608.2149238942,1
0.0,22.0,23.0,3.0,17.0,7.653653570337785,12.0,0.8974992000553913,567212.2020462585,7.0,36.82303983616154,0.9721660100896128,53.20428436758192,78.2533574419639,3.0,374.95328203948446,201.37758610734608,270516.20156870387,1
1.0,21.0,25.0,10.0,12.0,6.636300634634704,13.0,0.9678161712116145,540703.5443993877,10.0,25.677914037148998,0.783563419957498,77.16066168807427,46.42245987678919,3.0,438.9714620660739,193.36488842890097,498030.91036335775,1
1.0,4.0,0.0,0.0,0.0,3.126297587282199,0.0,0.07557013704744323,9124.825823691619,3.0,1.1450250458318776,0.08147063233409055,21.68179738565031,45.62464059750211,0.0,37.846893300069745,25.472487586235218,9839.287072325247,0
0.0,25.0,22.0,5.0,17.0,7.5010708510039565,12.0,0.8340149323842946,670577.5090858949,6.0,37.0067182424225,0.7240640056487201,66.5754972436407,60.22991443900577,2.0,417.8708933912642,206.49320228734078,748929.0760204034,1
5.0,7.0,1.0,0.0,0.0,4.336602283012701,0.0,0.11963145090939219,13540.238508194561,2.0,0.6457442565905408,0.2171586362163961,13.209389236345725,30.142636008955826,0.0,18.59944832500785,12.849184229250628,11457.011074772909,0
4.0,2.0,1.0,0.0,0.0,4.240336405554691,1.0,0.08885289324081726,12078.028240805295,2.0,0.9684974920816115,0.09435414486877791,40.43569994188864,42.72871973428022,1.0,24.555623914638858,30.763919723871815,5179.25034191363,0
1.0,4.0,1.0,1.0,0.0,2.909253463084382,0.0,0.32587531924237717,8707.150551052611,3.0,0.5400099444631518,0.03540184615426589,21.475140212678404,45.737087023242026,0.0,41.8624784820007,26.178624499755955,5368.182676578297,0
2.0,25.0,17.0,9.0,19.0,7.764271284615293,14.0,0.7420831455405221,493637.46802992304,8.0,40.60975809806142,0.9467260140511594,60.931358488983996,50.73415617739676,3.0,272.7539820321274,193.1692774527175,331599.5892065072,1
0.0,30.0,15.0,8.0,20.0,7.306073591000661,14.0,0.9754837316415199,646067.8231156471,11.0,32.8767716342695,0.9467232274751793,95.5331386262368,65.4049028213922,2.0,369.7739149911467,118.90425751467924,487092.6399894965,1
4.0,6.0,0.0,0.0,0.0,4.246513170214741,0.0,0.05236005993615396,9358.370493020737,3.0,0.856843296606593,0.059955026448124206,28.55231468732185,35.34490440268947,0.0,41.91050956972345,27.06335533787893,7788.3973494645015,0
1.0,4.0,0.0,0.0,0.0,4.44145215960243,1.0,0.08297162470882447,12374.13835286507,3.0,0.6161022201342821,0.05992201307137064,9.483703801952016,40.36046186910692,1.0,39.1867681200502,22.649023318200445,11453.436644281484,0
0.0,20.0,13.0,7.0,20.0,7.917766655550295,18.0,0.9527023322937886,813357.737491824,7.0,23.105482296188587,0.9309368141448794,49.724790014816264,64.39761284450088,4.0,456.68492678698664,205.74544002414962,468333.24278712337,1
1.0,32.0,21.0,8.0,15.0,8.0,17.0,0.8908394619622616,765189.7914472376,14.0,22.111551401789935,0.8493895376614788,91.9545809378466,59.43557798927039,0.0,489.25725614386977,143.0070529608078,712960.6655347944,1
2.0,3.0,0.0,1.0,0.0,3.926008235102997,0.0,0.07640790058971027,6272.162497384334,1.0,0.7822971862863052,0.0319359508175275,21.367032157378958,40.47670594391963,0.0,46.28530905786971,6.733414696491952,8700.991230215977,0
0.0,16.0,26.0,6.0,11.0,7.4248359461794715,7.0,0.8685282269343683,724294.2003783532,8.0,21.360979493385397,0.9033401795130699,64.48858053268827,57.125228743814425,3.0,523.4199201211571,197.52999968295376,270466.03376105713,1
2.0,3.0,0.0,1.0,0.0,4.279672739267564,0.0,0.185668623110062,3997.897263370431,1.0,0.8706535103790715,0.026239557447564975,11.537420917508054,33.80619783121566,0.0,72.81890495304066,21.24328766582928,7862.341717593624,0
1.0,2.0,0.0,0.0,0.0,5.506999553404016,0.0,0.02771825247013108,3806.2894298618967,7.0,0.8557236098718,0.00027060130118969,7.427430302403636,32.74297081124868,0.0,36.217259132880436,9.518008852922504,11152.73810236399,0
4.0,6.0,1.0,0.0,0.0,5.567401527738422,0.0,0.055970219970408935,16462.519320250016,1.0,1.0823438099098592,0.054644054725646096,12.774456750166777,58.97758003417796,0.0,65.10150971906353,8.61221013784026,11022.28283185197,0
1.0,29.0,17.0,7.0,23.0,7.781713208159801,12.0,0.7786332328159499,377188.55952186824,7.0,34.76637762684079,0.8215756091227345,72.60239214511911,55.558472667485155,0.0,370.2997387238296,159.57103835096592,423455.78782703483,1
0.0,31.0,16.0,7.0,17.0,7.805960222107305,23.0,0.6867698306037137,566307.1526502967,8.0,41.24553298245022,0.7586721376558754,77.94134615005044,60.694396177145805,1.0,253.63186423982899,181.46031091066675,597871.2296607522,1
0.0,7.0,1.0,0.0,0.0,4.207994029548813,0.0,0.00484244043023528,7898.82293774019,2.0,1.8711569230981167,0.0034655429523064865,17.051299289401356,41.94320190472686,1.0,34.99300922031953,26.75803150388013,10862.670966300186,0
0.0,31.0,24.0,13.0,18.0,7.873627556866361,17.0,0.9605308120808791,335878.5617554527,8.0,27.634367276033945,0.8550145194515485,57.99265517814507,59.71759885149422,4.0,286.78744484112656,203.0725589998449,405859.97358586977,1
0.0,24.0,27.0,10.0,18.0,7.008980392947127,13.0,0.94663071633389,202443.70369940915,10.0,42.558370725005915,0.9447728005010834,68.75445911526886,59.89150391168378,2.0,421.55042916004464,174.24594265891545,417536.09513637796,1
1.0,1.0,1.0,0.0,0.0,4.84501668931506,0.0,0.016377829925517482,6959.693842180002,2.0,0.6757909375157969,0.07215931908921312,11.606849335772225,45.832993743704684,1.0,34.447314840698944,30.06816504275235,10494.0411530574,0
3.0,22.0,20.0,7.0,25.0,7.0111632048961,21.0,0.5988318263270075,545706.3495736263,8.0,35.97019604545431,0.5870343429838629,87.39790927625114,57.512782777330486,2.0,326.48109045763056,162.92599974110624,546556.3773553908,1
0.0,3.0,1.0,0.0,0.0,2.6596456241515893,0.0,0.10147956971535443,6908.951809315829,2.0,1.6065616252327333,0.0048670970547296435,10.706700990649974,50.25130450352564,0.0,45.78727701807967,9.479160735582933,9917.487997669452,0
1.0,21.0,24.0,14.0,23.0,7.474675898862216,16.0,0.9908304355557036,296976.264279047,13.0,27.499155750560643,0.6562154562169112,71.22906217855873,59.229276588749855,4.0,423.3972360544628,134.37530728019192,351168.0621863781,1
3.0,25.0,15.0,9.0,24.0,8.0,24.0,0.7174485755032636,469638.44171193795,6.0,31.729254436810187,0.7563933482742794,85.484602342101,41.765832994240505,1.0,441.5308847129561,189.57720282322265,480403.2107805689,1
2.0,3.0,0.0,0.0,0.0,4.087836099889416,0.0,0.20120438363439438,6440.777954316992,1.0,1.496942301738962,0.1179494288760562,14.234208621987946,53.82425435461571,0.0,31.999182170845398,26.344564432998112,10676.164681309485,0
1.0,26.0,19.0,16.0,10.0,6.996124677339723,12.0,0.7536622458626158,306601.0353151434,5.0,28.169310587964404,0.9482798627354908,48.297183882789795,67.03636191909594,3.0,514.1173329698643,172.8145821634564,288471.14542261715,1
1.0,13.0,17.0,10.0,12.0,7.691457465864714,19.0,0.8039987019699724,403566.02770108916,7.0,32.83367044791623,0.8176371516434733,77.33930570478837,88.2308297853402,2.0,502.5473985628581,300.39080533677446,457631.12013298983,1
3.0,30.0,11.0,9.0,28.0,7.679703749610409,18.0,0.918270047733719,356800.6473239092,9.0,17.75973816617892,1.0,81.51246158086809,35.11433406785527,0.0,476.68149863282343,160.4417830448262,603704.4445662257,1
1.0,27.0,22.0,7.0,19.0,7.356848755502317,17.0,0.9633163326451093,512451.63924106356,8.0,27.183069252893585,0.9393223670189207,94.64044068525124,49.0044924008566,7.0,431.7803744026996,252.05423267050915,595819.6229341837,1
3.0,7.0,0.0,0.0,0.0,5.84811216182388,0.0,0.16843834012065947,7789.11449598345,2.0,1.8571901601783012,0.05874604062468098,6.78343168604756,44.05238577483332,2.0,51.238313453663785,21.32344171747387,3689.0921075923525,0
0.0,27.0,19.0,6.0,16.0,7.341975754595253,19.0,0.785926817664743,486928.27077485184,12.0,24.414190084593123,0.8661112405494144,72.07430371731199,71.65427938739816,0.0,482.2811042786025,202.19774408063725,661727.4145565507,1
1.0,2.0,0.0,1.0,0.0,5.337956769400049,0.0,0.06013925575115662,1393.8960190425687,2.0,0.6817153363100825,0.39811693958188693,14.748966282103448,49.211573602682876,0.0,38.68475616313139,10.73266433666799,2946.6076563729766,0
3.0,5.0,0.0,1.0,0.0,5.768206447063832,0.0,0.027574476035645105,5077.150099195118,5.0,1.5130359850767663,0.1647413109180053,0.0,37.49135010316859,0.0,51.151102619173955,15.441914074310933,13954.86504135135,0
4.0,3.0,1.0,1.0,0.0,3.5724227587889708,0.0,0.06275927408934706,2783.9349710883153,1.0,1.495380867283928,0.03218886453151735,19.84391714743884,31.086769129890477,0.0,35.41763668510154,5.483977885292379,4752.0448276317275,0
1.0,31.0,18.0,5.0,19.0,7.966616080517754,24.0,0.9283896839005956,644588.3663818459,11.0,27.11665714125914,0.8070579421734314,65.63956827245954,66.90699044794005,1.0,419.257623246384,156.46171128235594,362284.48009361164,1
3.0,2.0,2.0,0.0,0.0,4.21839421557132,1.0,0.15201530613441464,9698.737812823018,2.0,1.0362865402955095,0.060576090649711936,14.299369221703323,37.02882582620773,0.0,51.84274116032219,4.2368378931384765,12664.58549308141,0
0.0,30.0,16.0,6.0,11.0,8.0,23.0,0.82086720150038,557816.8873416632,9.0,22.02276481877111,0.951086346587714,66.23000124167496,55.80720707485875,2.0,370.7685731133411,187.3627128307809,397258.31131007435,1
2.0,5.0,1.0,0.0,0.0,4.602440753343521,0.0,0.0029941030155839804,3820.764422773651,2.0,0.5073109979650596,0.07941231841537001,6.853739957156824,49.34457306892066,1.0,41.17481037608397,5.098193533621773,4096.7466931823565,0
4.0,3.0,0.0,0.0,0.0,6.173521436813671,0.0,0.008112747472010393,3247.2052435186515,4.0,1.5734258775750227,0.1916219048989464,14.176787681812531,40.12734341535884,0.0,67.07053294383915,22.994429597617646,5172.41219831691,0
0.0,27.0,20.0,9.0,17.0,6.892376690031626,12.0,0.8604532374700725,324100.1436099778,7.0,41.47050506619169,0.7241966380772146,80.0450154332632,71.54186843826142,2.0,359.6168451534189,240.9599240438267,516371.9477151783,1
1.0,8.0,0.0,0.0,0.0,4.361524652153847,0.0,0.3034145811388549,13008.17425479465,3.0,1.0329872515530016,0.06001423021063478,19.62571009835754,46.0265389124335,0.0,52.759203843536916,8.054150607882288,13290.082453190133,0
3.0,7.0,0.0,0.0,0.0,5.876594798245697,0.0,0.3493746686431808,7995.3200439725015,5.0,1.9068680351573595,0.017486936216058648,27.068818864047984,31.612716168304473,0.0,54.769622324998934,24.690601558081113,7207.16871759935,0
2.0,6.0,1.0,0.0,0.0,4.509002356085701,0.0,0.031166223166505636,8042.3008221163,1.0,1.565693380979155,0.14900512182135825,24.717679492479732,30.444165270776875,0.0,11.45647656860032,11.40750699804328,5380.811671069245,0
0.0,37.0,26.0,9.0,12.0,6.649760670187741,20.0,0.9863772297439425,690739.454859291,10.0,34.32412828036526,0.8591188798834806,71.12050746551411,46.354881223116735,3.0,315.39642285578896,173.67945053910654,542862.0420186878,1
1.0,2.0,0.0,0.0,0.0,5.426940876435939,1.0,0.08660665318641596,5410.888303650736,1.0,1.6107361001037854,0.07670939802551488,8.291177774886862,34.53063372465679,0.0,32.599217972001846,5.545959022363025,11844.305292369967,0
2.0,24.0,14.0,9.0,19.0,7.3931961843632665,13.0,0.9286405455854447,714880.5419556086,12.0,17.875183665100153,0.9170789727368759,86.33658269988946,63.88762585339574,1.0,464.9572876601505,204.5144342296411,348298.5084735892,1
1.0,34.0,15.0,4.0,24.0,7.996293299656484,13.0,0.8140902135580783,539445.0714150745,8.0,29.623690725953605,0.9099600311677715,91.95852135466339,66.1356161484689,3.0,296.6637043761682,257.01891457771114,486365.1504016089,1
0.0,17.0,18.0,2.0,19.0,7.882927349965052,17.0,0.8820438288198601,509473.3052064791,6.0,39.71240272510468,0.7128953708881478,88.42079210460484,40.52544413596813,2.0,239.5937891030532,200.128928177057,515542.0958201326,1
3.0,28.0,21.0,10.0,14.0,8.0,13.0,0.9658245764581135,290681.49562001764,9.0,30.7564552801145,0.8471193683198796,72.26712723498323,50.21061437156836,1.0,438.25053789147347,156.6210506647734,209873.21384131646,1
2.0,24.0,26.0,9.0,23.0,7.276463337915456,13.0,0.7107293956072757,488562.10192698473,6.0,25.711657448382184,0.7353772768933927,55.93865666700402,29.6027997022208,1.0,383.32576997672203,151.26128609857363,702015.6003595998,1
2.0,16.0,19.0,6.0,15.0,7.577775228021413,17.0,0.8893012941117934,365320.41069602926,14.0,29.948705976977998,0.9178407259162308,93.46299622544828,65.84394025051687,3.0,397.0301960875413,229.92580205798578,540659.3457196549,1
0.0,4.0,0.0,0.0,0.0,4.6477150300950685,0.0,0.03954626020726569,2115.023860372379,5.0,0.9141997008124648,0.09775049518021413,8.115007205370532,43.97483143304973,0.0,54.65474096017947,10.546653128719317,5026.267064001431,0
0.0,18.0,25.0,11.0,22.0,7.316678152066257,25.0,0.9557543252003668,241771.58885090347,6.0,29.343952154975817,0.8575545648726053,78.29565744197984,64.55155714634944,0.0,431.1076923986861,238.4604126943184,204985.39080118743,1
2.0,1.0,0.0,0.0,1.0,5.006100216800137,0.0,0.08447203732751446,2531.544463863067,2.0,1.0371218173460115,0.19526916372326011,16.317937985812573,39.32277713854716,1.0,44.88278204258903,16.066817132770524,6842.347704915575,0
1.0,36.0,23.0,4.0,16.0,7.556414714229421,14.0,0.9272667398417295,448440.29171627446,10.0,30.43596461723714,0.7658301089505261,57.17989215727275,56.666207221930875,4.0,459.5923439698539,219.19359125791962,538289.4065844091,1
0.0,3.0,0.0,0.0,0.0,4.726202018123896,0.0,0.22222352537878148,6047.5648986455935,4.0,0.7584207223513465,0.16054122931870002,10.503932571233953,39.95987477872111,1.0,31.46780994875713,13.076008332140846,6993.8676449795985,0
2.0,6.0,0.0,0.0,0.0,6.617805536116446,0.0,0.15888231524457994,8325.55134570031,2.0,1.140914812209307,0.06775804321150437,14.861971054910786,33.07252913126902,0.0,44.342308981168784,5.69287116723819,6625.88341286105,0
1.0,3.0,0.0,0.0,0.0,2.8061648479653742,0.0,0.1539395817827951,3503.4379273425575,1.0,0.7721374945797448,0.0606789349064815,7.26116530027039,48.54422202979018,0.0,61.9491849510693,2.7872341330822668,4539.270104954114,0
1.0,24.0,15.0,14.0,23.0,7.79185039676741,12.0,0.8653661761676064,496042.120802506,9.0,35.442368608638446,0.5654669106778005,68.92585611791422,62.97399061714947,1.0,414.7005905432561,263.3902382683206,487821.8974190895,1
0.0,20.0,17.0,9.0,12.0,7.4588387314736115,13.0,0.9525009622704361,601516.9666907176,13.0,42.419776341242425,0.7826839520179381,72.17559966798457,53.97784276501106,1.0,292.70088074921,142.7674322101924,770775.8719065322,1
2.0,20.0,19.0,8.0,19.0,7.231505675560992,19.0,0.8078568628938992,264734.53276700596,8.0,41.95435368419945,0.7390648812660552,76.24900658434083,71.52318299992092,5.0,317.93305906242824,199.78678871496876,492510.06554761145,1
0.0,25.0,11.0,5.0,14.0,7.478338054310986,12.0,0.928235673134404,644483.5009495509,15.0,25.424100125840045,0.9868737941025882,69.44314192248596,38.43053349624808,1.0,451.9499887510694,186.84566064196508,566631.654370487,1
4.0,22.0,16.0,10.0,13.0,7.649260989380965,19.0,0.9164943459662207,608907.0399935314,5.0,24.807365499645496,0.790105567515531,75.78686637419382,46.254678907766944,2.0,366.74605864432687,177.19739400825594,741924.0520903376,1
1.0,21.0,19.0,11.0,19.0,7.039604036505212,18.0,0.9883992668487195,641484.5408090566,10.0,41.40651864544701,0.8088222224313357,60.95512430076033,52.778307152032625,1.0,268.8859702877662,133.93219274351947,265217.52988036646,1
0.0,33.0,22.0,8.0,15.0,7.467113282352018,16.0,0.9739094456262954,567523.5978426269,13.0,33.087853552699585,0.7466982008501951,63.52715114541208,64.36189491389874,4.0,451.07724942856345,243.54083774364193,437022.5211626383,1
1.0,28.0,14.0,8.0,11.0,7.845459200505842,9.0,0.9705847138549246,540024.5904934609,4.0,24.11642545766184,0.7783939239912999,70.48977595813082,69.75111163904552,1.0,456.4407585026831,140.42362991917102,422718.76254022087,1
0.0,21.0,26.0,13.0,22.0,7.255041364966594,15.0,0.7770210968394219,290898.73326650413,8.0,17.643095225113264,0.8460207402656225,65.18437851218316,77.74030268387739,3.0,309.5472668957408,194.80103937792853,345326.00057804707,1
3.0,3.0,0.0,0.0,0.0,3.152791239922964,0.0,0.1569393587819035,1395.2889637778762,2.0,0.5796881464179275,0.2214378833840323,21.130508803418767,50.22083489120939,0.0,19.912675378906368,0.0,11438.56813299459,0
0.0,29.0,12.0,12.0,16.0,8.0,14.0,0.9319021120507035,481851.98786163726,7.0,45.94586375603741,0.7334422691706617,60.05114266647592,60.305942007144694,2.0,424.22013626375565,219.2598108020314,496299.94002372585,1
0.0,29.0,15.0,5.0,13.0,8.0,24.0,0.7162104292021356,742878.1178483578,8.0,21.877703499698438,0.9561734060045124,92.82748362776897,45.88077065233142,2.0,464.45575934829765,156.3825345103955,515980.7540045316,1
3.0,18.0,18.0,10.0,14.0,7.583230190589718,17.0,0.9572818345829012,685453.5377115955,12.0,24.83748957645539,0.753404809374253,67.07511667901551,70.44124944449204,1.0,458.136733707021,149.01188831286436,281891.6599087387,1
4.0,1.0,1.0,0.0,0.0,5.640812598004263,0.0,0.22550088872520552,6397.484320919955,6.0,1.0170789717703945,0.3980501952043184,3.0225940730354086,36.99047704699421,1.0,47.96761665525783,20.618422296170777,4786.144469830607,0
1.0,6.0,0.0,0.0,0.0,4.313370538025223,0.0,0.3518982849458004,16121.491963036417,4.0,1.7755885664461304,0.05087275700591906,17.12415272314346,22.251759003426912,1.0,46.87353215928792,23.10284966518841,11228.520965853757,0
0.0,27.0,23.0,9.0,18.0,7.323029277227413,11.0,0.9226829485159569,872340.5381723619,7.0,20.849144555209087,0.8713157017291053,79.89849573661996,42.66709089214727,2.0,541.836244331959,246.54127947534835,556969.5042703408,1
0.0,17.0,28.0,8.0,28.0,7.822431956512247,11.0,0.6696349245174191,545645.1611962433,7.0,18.657852135475096,0.7905004672407757,87.49368461841779,39.49927151685551,1.0,407.2836562663978,290.12108875515014,536099.6132085565,1
1.0,21.0,18.0,8.0,21.0,7.892407970743888,17.0,0.9663822245986824,531283.3872357436,11.0,44.44296853520453,0.6758224013754194,70.10561266531906,47.92363003084722,0.0,400.5272289787258,230.56099639888492,598678.9987634146,1
1.0,34.0,18.0,5.0,25.0,7.1311264341159655,9.0,0.9349498591137395,510347.91054747516,6.0,29.13981695304309,0.9819687391903517,63.711990605023566,44.58825540863123,2.0,375.1320876293528,177.08906664456154,345744.57888605027,1
3.0,34.0,21.0,6.0,20.0,7.597783839707186,15.0,0.9224075560046098,282590.02372870606,6.0,32.51709672458496,0.691866746478796,67.38446860287557,60.22195527680818,3.0,435.7117719583574,174.80059736949858,642447.1227254148,1
4.0,6.0,1.0,0.0,0.0,4.551930770818657,0.0,0.06977647758480092,11207.18363960179,1.0,0.995816186140555,0.1679394012512409,16.175078546274882,52.45028309215443,0.0,50.72427836559995,26.253393671687807,6004.675483916182,0
1.0,27.0,20.0,7.0,21.0,7.61387042611936,11.0,0.9124972776194408,246833.69481810098,4.0,27.935621387432747,0.803831031258536,59.9050161029429,72.80137784723381,2.0,530.5184091554175,189.82301694420664,525690.9142318523,1
5.0,6.0,0.0,0.0,0.0,5.061758494203367,1.0,0.028712302130964505,12315.954560569513,3.0,1.4901168843613317,0.09496243358666928,13.892029990415551,53.54024315209447,2.0,32.74617535865264,13.773809676302138,6749.9894639718,0
1.0,25.0,20.0,8.0,17.0,7.632190431857305,18.0,0.9051594447825487,539090.0454582742,9.0,38.0228557981999,0.6967922757208644,50.80642600937647,69.89587698995645,4.0,463.75974242868097,178.2251056179273,520460.3995167473,1
1.0,29.0,15.0,8.0,17.0,6.765887281025555,18.0,0.8052163753215736,542855.6670096795,6.0,40.66129361472382,0.6134013256697617,79.22387766797955,53.11966742550973,3.0,433.4416862578394,200.12082882214187,522027.2687612966,1
1.0,4.0,0.0,0.0,0.0,5.805483382793964,0.0,0.0360158489526859,12955.399538693835,4.0,0.9368814963633676,0.0004960998025043112,26.386115011126478,33.32576319331714,1.0,70.65935456818914,5.787965509012446,6435.35864080579,0
1.0,33.0,20.0,11.0,18.0,7.430370013850136,10.0,0.9718587853739183,453441.48445906275,5.0,36.67561694092373,0.6507457308356644,75.17542808074191,61.801893831520815,2.0,413.68638896814116,170.51511912101455,171687.63573320647,1
2.0,6.0,0.0,0.0,0.0,4.212578502351834,0.0,0.07897284507161881,11615.200517605737,5.0,0.5843171506013474,0.25182221084640244,30.377010236342144,40.20814269003383,0.0,70.14711623456691,0.0,5794.410685513052,0
0.0,24.0,25.0,10.0,19.0,7.720629585150691,19.0,0.6609949028829789,366969.55522426503,8.0,47.07891266420032,0.7472586699979022,69.56979445317732,38.101592216811056,2.0,471.17448169750025,170.06451265740895,527837.049111518,1
4.0,1.0,0.0,0.0,0.0,2.862456306707106,3.0,0.08460377330064033,6480.392703565785,3.0,0.8389886856809327,0.13416774133648232,26.394146791086484,37.37325900110764,0.0,22.407267170738795,10.821069126069645,9634.032191516335,0
1.0,25.0,23.0,8.0,22.0,7.463346579217238,12.0,0.6623355664250206,343601.96265549294,6.0,32.79071010855394,0.5727109238122899,95.27473628938439,22.562854855062525,5.0,562.5025378434823,195.926855546324,555102.9722271856,1
1.0,3.0,0.0,0.0,0.0,2.6441605883350654,1.0,0.1224116485590957,12065.292810162797,6.0,0.7484987436406227,0.3155717364401986,21.80401866521506,54.69943462512918,0.0,46.82589785369816,26.700138660959823,7582.228063428509,0
2.0,1.0,1.0,0.0,0.0,2.347272138309722,0.0,0.12065422671703134,6061.191872193831,5.0,1.055979620722189,0.03241390435496337,19.759018904186927,34.81247626596734,3.0,28.43700741856933,23.822257978620584,9787.73314028697,0
2.0,5.0,0.0,0.0,0.0,5.279315656432121,0.0,0.11333121163771007,0.0,2.0,1.0182218629131548,0.0070165540379863904,17.444589065448923,39.70322553443546,1.0,65.85116135407448,17.54778730219514,9186.359789889673,0
6.0,3.0,0.0,0.0,0.0,4.835843338265932,0.0,0.10746937199796151,12647.465443454192,4.0,0.27427333781336394,0.022290723065850476,16.7069938878013,29.84480517953398,1.0,37.4054268060257,13.829202209276238,11531.73599848729,0
0.0,21.0,14.0,7.0,13.0,8.0,15.0,0.8676028664950436,485180.8107965631,12.0,30.33171699827863,0.4239027483257541,57.131726624300555,42.33371316196389,0.0,483.94532278897776,258.3254773969089,751163.7413790071,1
1.0,29.0,14.0,4.0,12.0,7.276545684378932,21.0,0.94558774947657,436207.21922925866,13.0,42.18763085836743,0.6040530149299418,61.94931626369748,62.05893729324333,3.0,486.27330358914287,236.21584671828623,87753.59790232789,1
2.0,28.0,21.0,7.0,21.0,7.723236621089457,16.0,0.8572498343336794,555256.1639610585,8.0,38.72528708265979,0.7794285746156385,87.79731132052777,63.167907823940595,3.0,482.7532509275079,174.95513056354469,417068.2844282468,1
4.0,3.0,2.0,0.0,0.0,2.5522228588955294,0.0,0.046075888176723166,5841.8901209184205,1.0,0.5711099990040762,0.04625335660071078,16.67475349900681,39.16189062115613,0.0,70.42968756136888,11.690376159833416,7689.914650043106,0
0.0,29.0,22.0,10.0,22.0,7.945363736746868,17.0,0.9829739546943144,412823.96094884846,12.0,21.007197749786947,0.453151176053782,69.25085441440841,68.43291829319266,3.0,288.38465248471107,118.57455027931547,420598.7194633327,1
0.0,20.0,27.0,10.0,15.0,7.689422158776094,16.0,0.7159588877103896,457212.43511031364,10.0,31.42032958837632,1.0,66.00663764500943,57.368257229940276,1.0,355.48261424576924,190.27550730076229,545982.6451908238,1
1.0,28.0,19.0,11.0,26.0,7.599005142322039,20.0,0.9845813140595793,446106.7332458361,6.0,19.897330161724295,1.0,60.96285083813676,49.325984512057154,0.0,183.9068869211588,223.74627231584924,481711.94243674516,1
4.0,5.0,1.0,1.0,0.0,3.1633771008353997,0.0,0.16919183648845076,4915.348951600219,6.0,0.3368256659753277,0.07990321312699933,12.038953462154486,32.89419640199798,0.0,25.195129664836934,18.45746899728194,9684.177332185003,0
0.0,29.0,13.0,16.0,21.0,8.0,14.0,0.9380892980614083,413372.76889873296,8.0,24.551382938564046,0.8528267462551654,55.1222370959412,57.196757224139304,3.0,448.64983193296615,192.89039821396835,240515.10458088818,1
2.0,5.0,2.0,0.0,0.0,3.0994346669698487,0.0,0.03641882631445075,11747.866167657367,4.0,1.1915065752258418,0.0602397068943899,20.20552586193638,47.03518356418707,0.0,42.23996539153574,14.116624795932719,14495.427784297019,0
0.0,29.0,28.0,9.0,25.0,7.124436503846681,16.0,0.9194867158134353,488064.4805948318,10.0,33.005701231305416,0.7886427401332566,77.03383902556186,45.4847639284248,0.0,395.1203111381093,246.5664633158557,524550.7170993392,1
1.0,4.0,0.0,0.0,0.0,4.575257478166736,0.0,0.042385002779099054,712.167081727679,2.0,1.6525052444232124,0.1034416579862987,12.156269928728387,56.78247769159684,1.0,7.234799765081156,5.964575994472169,1798.9585135949392,0
2.0,7.0,0.0,1.0,0.0,3.9627402809025982,0.0,0.13537307671057516,5958.236604370882,2.0,0.8432870836582029,0.1591034670499793,6.958058853510694,50.288623604598314,0.0,44.319624905712224,3.0116037810264995,9235.64035260162,0
1.0,24.0,17.0,10.0,17.0,7.506112951659531,15.0,0.9258958715689531,556394.9911737697,5.0,26.307931772830347,0.7949030642592982,64.25837134651717,60.005927805842155,3.0,485.3772220134529,279.86057544082774,494109.25723103376,1
1.0,28.0,19.0,9.0,22.0,7.255101517211272,19.0,0.9467432058259148,553074.953618885,5.0,38.42048869804809,0.7472140302797612,57.56089693522676,81.05676107556361,2.0,520.9470674301447,261.29624674430113,677399.9657104698,1
1.0,3.0,1.0,0.0,0.0,3.8955221922534733,0.0,0.028586620894995425,767.0497799839304,3.0,0.6256588457356619,0.3307122683879461,11.886657936926216,38.05134198937546,1.0,60.936582292183765,26.26424583924492,10562.096183705562,0
3.0,27.0,20.0,6.0,19.0,7.93374398253078,9.0,0.7600930227012901,270689.30090586294,12.0,28.296241573930708,0.9368960989408968,58.39989476268131,70.07141548689019,3.0,384.4021186007596,241.1195356064757,380516.862086591,1
2.0,4.0,0.0,0.0,0.0,4.580829252837673,0.0,0.08466373507709704,12492.408441043579,3.0,0.6394689426006037,0.027839390943446927,15.760577390377163,41.8617004568721,1.0,66.97288614967769,2.501572104606714,11113.967870062328,0
4.0,8.0,0.0,1.0,0.0,3.015315356337676,0.0,0.116448934700286,5257.873548587795,2.0,0.9217307111424524,0.040140069592834574,10.155033513860625,54.054148736948484,0.0,42.913782297306575,16.26642829672421,7150.6870530316355,0
3.0,1.0,0.0,0.0,0.0,5.1785928636649645,0.0,0.13457442576458625,5519.206181784337,3.0,0.9291104268998016,0.5281423830845996,18.516543795099125,50.22454415968258,0.0,40.41532931614109,4.173848858315788,1965.8604167560316,0
1.0,2.0,1.0,0.0,0.0,2.618047482562101,1.0,0.45691297241748563,10280.803615648365,4.0,1.3207164923668584,0.006348313560165026,24.061102636125945,30.021226010237857,1.0,40.336108614836306,22.12035602408113,3823.7104512680244,0
3.0,2.0,0.0,1.0,0.0,2.3040148008539356,0.0,0.043108436138148624,12309.914170878732,4.0,0.6791837804309919,0.3587573175751771,28.966372486110725,17.986177264885292,0.0,22.844263330385672,24.620220541183215,12311.727373535703,0
1.0,2.0,1.0,0.0,0.0,4.136129414875508,0.0,0.016094358064683123,8186.507371176072,2.0,0.8269189656826509,0.4906844509871463,11.591253661316493,45.1362128884793,0.0,24.474966547886993,3.66616372268693,8602.466376385015,0
1.0,3.0,0.0,1.0,0.0,4.6906069024558885,0.0,0.007991782188147289,12302.822499305577,2.0,1.3591739806654186,0.054122054591984124,9.153821638277547,43.48972689886508,0.0,52.078669445920326,12.2061736038867,7857.44908340091,0
2.0,25.0,21.0,8.0,20.0,7.447595826178644,24.0,0.7756054594441651,541655.7584738632,10.0,18.439777143386713,0.8301540344324192,59.82618664090262,64.70528610594282,1.0,334.95177977070244,117.97786714657876,771393.2665327387,1
3.0,6.0,0.0,0.0,0.0,4.552002953937632,0.0,0.07518799782597048,12879.853179108217,5.0,1.011932210594791,0.2342045807058467,19.653520579968188,39.42952071569694,0.0,44.46736663729905,13.375542663450702,9476.018521365051,0
1.0,6.0,1.0,0.0,0.0,4.783786545292949,0.0,0.12677981531570937,8748.567947080863,2.0,0.5528639979232222,0.1301603216452722,15.97390712272952,41.82060553384176,0.0,48.158975412750095,21.138738741568837,10071.02048410754,0
0.0,1.0,1.0,0.0,0.0,5.144415868540273,1.0,0.04746461481483204,15557.518184069417,3.0,0.8377015520514925,0.2955393082852216,19.311046152608323,44.03352541246126,0.0,27.344599783304677,11.348860561395211,6748.367992352758,0
2.0,7.0,0.0,0.0,0.0,2.0048162534777916,0.0,0.30614833467520564,10798.69310141145,2.0,0.7405773433594112,0.0898807638536132,21.109002193155604,38.63903953311863,1.0,39.52991338516847,28.853252754603155,7783.335132958273,0
3.0,6.0,1.0,0.0,0.0,5.233809441398977,0.0,0.0015795607154224262,4063.805907923258,5.0,0.8811581807973601,0.15962747483420506,0.5096540349845462,34.18111504245638,0.0,57.099579790943864,0.0,13622.395699583169,0
1.0,3.0,0.0,1.0,0.0,3.2795442437507005,0.0,0.004425028841883725,12380.616325250388,1.0,0.6128240495559083,0.08793811171433918,13.339598853214671,32.70027131739779,2.0,44.94993030998439,11.160780738600312,6610.49538642513,0
4.0,6.0,0.0,0.0,0.0,4.548203015944819,0.0,0.055809532100893566,14341.044856741148,2.0,0.6412497888858866,0.06256974141891329,0.6224148811552901,49.76129178724784,0.0,67.35042959050568,26.764589913796907,8743.355176540643,0
0.0,20.0,23.0,7.0,22.0,7.216052269018629,20.0,0.8636896737184795,531118.8110555164,6.0,36.48308831497059,0.8909815754019339,87.54186923792307,75.66223094419016,1.0,399.4174763889155,232.924752090018,486379.6844347692,1
1.0,24.0,16.0,7.0,22.0,7.442071568796141,15.0,0.9065740064073229,685645.7014430563,8.0,38.90736522829964,1.0,86.16524853476814,66.4813440101303,1.0,312.58593458256814,217.2184027915293,440046.2079826938,1
3.0,1.0,0.0,0.0,0.0,5.6581708074791095,0.0,0.09264688884900639,8047.718132786267,7.0,1.6164018446344297,0.07381499474059389,21.72231900318672,40.24007265829298,0.0,41.505014347556745,5.7430315667812195,4936.23924955218,0
1.0,24.0,20.0,4.0,19.0,7.126843841432903,12.0,0.9917381969468652,418144.9817076323,10.0,19.11800783274782,0.9965266396140136,77.16469519609434,72.9959444279185,2.0,417.20553380460166,199.57618200645777,447401.82766455784,1
0.0,2.0,1.0,1.0,0.0,3.977177824242789,0.0,0.1271728971463085,1637.4012069223281,4.0,1.1432967736469632,0.06810017139973627,13.490198792817631,35.686682405820754,1.0,55.13190308863198,11.178997573163409,399.0250085160251,0
1.0,1.0,0.0,0.0,0.0,4.307155072839324,0.0,0.08429558189039824,10506.305559164015,3.0,0.34318594549791837,0.29495873892556373,8.277972285578128,52.614196803638336,0.0,43.564508005625335,19.837999231518396,13656.67071069233,0
1.0,4.0,0.0,0.0,0.0,3.316574843912364,0.0,0.062247593352586,14508.924566654288,1.0,2.048755307022284,0.25508068219410734,12.188243163769041,48.87811251836864,1.0,54.13832712265343,10.79754397097268,9268.064873926554,0
0.0,24.0,10.0,13.0,15.0,6.859057893223534,22.0,0.8871504504070449,675020.1579186707,12.0,34.288281529812565,0.8124580883593305,59.90375379442128,48.029714288015654,5.0,372.30709119201646,259.1921222240667,582406.9529234557,1
1.0,34.0,24.0,7.0,20.0,7.312642134628703,13.0,0.9252884866578296,365170.0363305607,6.0,39.917059825202,0.5487921701607666,79.86080234129543,64.2382860820064,4.0,435.03688168023433,159.46031302339733,317829.12063409586,1
1.0,28.0,18.0,14.0,17.0,7.8219465394164285,9.0,0.9335627351620891,258963.70831063297,8.0,37.57401681605894,0.6831789138831453,80.88404726753872,63.915864216437186,1.0,459.05191330664275,160.3571915031589,555527.1502633578,1
1.0,5.0,0.0,0.0,0.0,4.917725608750064,0.0,0.029002066674025648,2255.042326748584,3.0,1.6132673728032976,0.11222664853999574,9.091177347080981,45.517659107317094,1.0,70.81000432707764,27.159080600880664,8551.090504280211,0
1.0,23.0,10.0,9.0,11.0,7.24906503155302,14.0,0.971835433474863,597193.2723995954,9.0,38.13387445791338,0.5952456670415144,83.77986761542587,58.52410498501808,1.0,475.19870565334645,132.03343120055064,270381.3315813183,1
1.0,31.0,22.0,8.0,18.0,7.456304263501202,10.0,0.9774788064584043,275064.7690981914,14.0,30.427128923329597,0.692071973079367,86.96029256278506,52.011455847295416,4.0,565.5358503645593,238.4340335131201,495992.5206502565,1
4.0,5.0,0.0,0.0,0.0,3.221559119958566,0.0,0.3986141337187555,4680.726471169883,3.0,0.8688765707315267,0.16758895368483337,20.591517136688147,40.66234530418398,1.0,28.640280317892667,5.432972150871079,9527.125905780475,0
3.0,24.0,24.0,9.0,11.0,7.648453841083914,7.0,0.9795199730116857,658204.344095832,7.0,44.87306046768754,1.0,82.12093024623118,48.89601124793498,3.0,343.155138984802,215.79495914544452,491523.77117809997,1
2.0,23.0,18.0,9.0,19.0,7.90124469373506,13.0,0.978878713557515,632665.4458326877,8.0,25.142552595538366,0.6382252494339492,71.62446228170003,79.28333075985131,4.0,471.5770271822456,181.53440572330587,352076.3603206052,1
1.0,3.0,0.0,1.0,0.0,3.400342577702356,0.0,0.004767205362966896,11213.256894497068,4.0,0.0,0.10737619183704356,21.011236571897825,37.676332191769944,0.0,46.0632270402846,3.088579808517098,5535.3606815196945,0
1.0,21.0,21.0,6.0,22.0,8.0,15.0,0.7060493840977862,573351.1932453392,7.0,39.30444189722476,0.7267682503106636,73.23797381969054,53.041236203269065,3.0,574.8217409692304,136.76119080275913,346953.60063142655,1
2.0,2.0,1.0,0.0,0.0,4.031157414797034,0.0,0.16393989496717165,9310.402337084513,5.0,0.8825352858758639,0.006846030930519035,16.196223722398095,45.16366919039313,0.0,37.37920704840792,25.154602544302662,7108.518748108038,0
0.0,29.0,25.0,6.0,18.0,8.0,13.0,0.8304496602755007,630771.2768361688,10.0,30.070650121343025,0.8913101539091622,53.43244044567777,57.492485529848274,1.0,465.731214724413,144.73588799627868,454356.4588881162,1
0.0,23.0,23.0,9.0,17.0,8.0,18.0,0.7423679200684726,564510.9793265058,10.0,39.72919152784014,1.0,77.71817595872616,64.95579798123283,3.0,369.7945459681621,138.19306820383136,430944.28942017775,1
2.0,5.0,0.0,1.0,0.0,3.936409849841757,0.0,0.1016472646777307,4379.2997730256975,1.0,1.4884820752143564,0.16525067308976937,5.976471302022075,53.142574794535754,1.0,40.47110181369765,22.149068356875517,6877.530216832373,0
2.0,2.0,0.0,1.0,0.0,5.596091569244743,0.0,0.03029258925615376,13492.69967155459,5.0,1.3112205233797325,0.06765419321370963,18.94330135732825,40.521917035789535,0.0,49.6946415007953,1.6075002939074654,8277.477233961821,0
1.0,4.0,1.0,0.0,0.0,4.1765770407991845,0.0,0.2615182116624821,12787.266836384497,8.0,0.5183339647652279,0.14239321226190957,21.773605320501044,46.43513068138907,0.0,3.4873105238724023,0.0,9613.364500619276,0
2.0,4.0,1.0,0.0,0.0,4.437338103793847,0.0,0.26171225406421794,442.4096485043183,3.0,0.8737129810043989,0.17045543542074468,21.020374828526826,49.96612665330825,1.0,29.26039112911637,10.896471080081751,10769.19410562995,0
1.0,21.0,23.0,8.0,20.0,7.093472683948499,9.0,0.985115450482882,514017.52843156294,15.0,36.93418363493606,0.9197136044601674,64.83682717438643,74.291789594913,2.0,372.1383577229348,169.3248620863191,673668.3648245963,1
0.0,23.0,16.0,14.0,24.0,7.258548115742095,19.0,0.8441354436544171,713853.0852378971,9.0,31.794065649066585,0.8332221371517202,68.05563831234706,37.473370045779596,2.0,403.48423243418836,193.17803636428988,182102.38787858846,1
0.0,32.0,20.0,9.0,14.0,7.155529954136329,18.0,0.9291290063375427,660803.7014901661,7.0,24.127192798158546,0.8866776834992213,87.29990972603187,72.08345777876409,5.0,437.0469452929815,113.58531013379813,312257.2655057475,1
2.0,4.0,0.0,0.0,0.0,5.174751815086582,0.0,0.19259469953595318,11123.726312436753,3.0,1.2734797575080192,0.20640564881343662,18.63279856436657,50.59872140562086,0.0,26.278068922370547,15.727408067827813,9965.977923737535,0
4.0,4.0,0.0,0.0,0.0,4.9865167513318305,0.0,0.33063679902302134,9653.918176222885,5.0,1.7430753229302476,0.016520856026786275,16.363827686614414,29.601233696085995,0.0,44.55877033336955,19.206521593238797,2444.1669433636644,0
0.0,24.0,20.0,6.0,21.0,7.200566851883336,18.0,0.8308277469768083,703101.360290339,9.0,27.901910887844096,1.0,69.57354949321076,43.214059524418936,0.0,342.9303106287938,186.46789566395114,391274.4364351281,1
2.0,18.0,19.0,5.0,15.0,7.827956308531606,16.0,0.7472075090323745,630379.0004845819,10.0,28.86009560603233,0.7821906963975201,69.54344393835005,69.87122360104354,1.0,514.0004448239816,180.64864891581811,593740.4585797407,1
1.0,17.0,19.0,14.0,12.0,8.0,13.0,0.7128477592527871,646564.3578337663,8.0,23.723326110542413,0.7652318769280824,90.62012713145901,56.43266702522481,7.0,274.36959692616745,191.27455353839758,263122.86270233756,1
4.0,4.0,0.0,0.0,0.0,6.692738866638519,0.0,0.10753406926033551,7668.411906073786,3.0,1.4874839222170675,0.5682975049165846,0.0,41.48239934760381,0.0,39.20222272424383,16.633342939620185,6328.932214795878,0
1.0,26.0,11.0,8.0,16.0,8.0,20.0,0.9529875302965375,568141.9180781777,12.0,31.067333356348595,0.9402389724265476,90.26146767882851,61.74640547960244,0.0,231.78888049500912,153.19750001256824,702177.0561823463,1
2.0,3.0,0.0,0.0,0.0,2.4959003743525945,0.0,0.06744726650730262,5445.695238491913,2.0,0.9144839391911341,0.04999762897672881,26.63067931407953,50.62748861126944,0.0,41.27174929601216,12.410998073212077,6817.44457064897,0
3.0,5.0,0.0,1.0,0.0,3.7010624500380542,0.0,0.0017912322755956243,4738.854284821862,1.0,0.7612906892961457,0.09055168540427963,27.883828779713173,35.04226110140077,0.0,50.35369715303285,10.426231110583032,4912.424470186781,0
3.0,1.0,0.0,1.0,0.0,2.838983072092531,0.0,0.12587578790951837,4257.0672032625935,3.0,1.3671117495130682,0.029518958855023765,30.24318241163127,42.10721486574431,1.0,23.45858984098965,16.51640676731332,7141.887613288659,0
0.0,6.0,0.0,1.0,0.0,3.628864085640263,0.0,0.22995025354177132,13926.94237816851,3.0,1.2816994188313735,0.08689180436256236,25.688221412959248,44.14094007224892,0.0,37.0785965990397,0.7418073807420669,9785.474019250567,0
2.0,3.0,0.0,0.0,0.0,3.8265570336504853,0.0,0.04491398124111432,2345.9656070072588,3.0,1.3908701140239086,0.349083226629697,23.38389939331582,44.46810691690632,0.0,37.477119321595715,14.051486776228527,4645.748053019856,0
1.0,22.0,19.0,6.0,19.0,7.066658416758944,15.0,0.8477061958937145,648918.8488181576,10.0,18.087501742197126,0.7632313345776556,64.33416934839569,48.254574551715095,2.0,404.2852225805519,170.10307377625966,391342.6128851117,1
3.0,5.0,0.0,0.0,0.0,4.992507411672607,0.0,0.1993897190502851,0.0,3.0,1.0729359891412997,0.20633424611749038,18.150894773799614,51.439725915660716,0.0,27.642568511402324,12.054907728849173,7375.484213873694,0
2.0,3.0,0.0,0.0,0.0,3.094164817847882,0.0,0.12845932330914533,6942.325149101185,4.0,0.5785938638911946,0.2083995671523244,16.039459427253078,33.338077488832326,0.0,54.176212789269655,12.350556847582808,13255.937313988896,0
2.0,27.0,19.0,8.0,19.0,7.320817385899857,12.0,0.8713805489972215,706859.0514852996,12.0,35.505241100802614,1.0,55.99741663723604,56.464918503933994,0.0,341.6585614433253,139.67989993701931,252172.4353384353,1
2.0,4.0,1.0,0.0,0.0,4.251651714447315,1.0,0.06943605088847205,13574.078038440244,2.0,0.8757883960144833,0.003252499523686333,6.0148369246774145,44.2565759698184,0.0,12.911386462317683,11.001669886752012,2996.8028132510453,0
3.0,17.0,17.0,13.0,26.0,7.325113853255562,13.0,0.9619986857112135,660199.2099902185,13.0,22.530676104603636,0.8925930983744103,68.1388142939581,68.1780850065316,4.0,411.2460226236062,193.71343409549377,447001.266882631,1
1.0,3.0,1.0,1.0,0.0,4.2784501307779115,0.0,0.03791215363467137,7248.020247667116,5.0,0.4265186358667852,0.07965400885952154,21.561701681976153,41.695519012463926,1.0,30.750442901133,19.251067267764423,7090.419939860743,0
2.0,11.0,1.0,2.0,0.0,4.646461021245187,0.0,0.09324957403957397,0.0,4.0,1.0683496016636063,0.049403722404653,18.1420077776574,47.22801057230811,1.0,50.92102788147588,17.94162583343771,18307.78284795356,0
4.0,8.0,0.0,0.0,0.0,4.1596576134659875,0.0,0.010606819678471852,1315.763660646181,3.0,0.8324804886323409,0.012483739921178601,16.45429583393446,42.94736257149217,0.0,56.93236694383758,22.04245561674051,435.6251882106644,0
0.0,34.0,25.0,10.0,24.0,7.43677005819484,11.0,0.9321777980138051,251098.75997972122,8.0,38.613525848963555,0.8826598026794449,82.9816308430238,65.73556393316693,2.0,494.51110944046764,148.7481887279741,785908.3798632983,1
2.0,29.0,24.0,5.0,10.0,7.499757620090056,15.0,0.8751291633775845,728489.769425504,6.0,26.823911901633483,0.5858374785526124,63.07056199064017,44.782839405738905,3.0,326.1510022890859,232.14312814411613,680523.6838285318,1
2.0,7.0,1.0,1.0,0.0,3.6205599144183007,1.0,0.020222220471849937,7271.684282605932,2.0,0.06414925680028183,0.135319259637117,30.06947926243177,32.42639905932388,0.0,54.21774766276083,21.417779137241123,9106.778482778649,0
1.0,26.0,24.0,5.0,18.0,7.208621835143453,23.0,0.9226783275964483,570560.5952291844,9.0,32.74470540201704,0.9355121445548613,68.42844695924279,42.06498771262497,0.0,387.0387492885411,158.7514891292076,254116.8984833128,1
1.0,6.0,0.0,0.0,0.0,4.10968098974487,1.0,0.03152669465673677,10905.586052795834,2.0,2.282256659146379,0.266672944407315,29.91777801768298,41.93428015666808,0.0,24.826341556597058,19.39824208785754,6477.186232773173,0
3.0,26.0,28.0,12.0,16.0,6.80002694111862,18.0,0.8033765460888983,436193.08526122017,7.0,19.90714500222701,0.6097013858825518,84.87388424796161,50.462594068883334,1.0,315.655262155277,150.10465595800528,500758.2396815993,1
3.0,2.0,0.0,1.0,0.0,4.687883342019567,0.0,0.046896613568759675,5599.978901155522,4.0,0.7101900161618875,0.2305378887795114,23.36177165593273,28.45951461142713,0.0,52.391853154791455,2.786435075824265,5118.788804009443,0
1.0,24.0,16.0,12.0,25.0,7.293401432836468,17.0,0.7647896067731924,719932.636103325,7.0,30.250366999049163,0.9421153454831112,75.80878658976374,44.33071043116864,2.0,447.75708279408764,215.47905392948127,550482.3447740175,1
0.0,21.0,16.0,6.0,20.0,7.66837680956208,18.0,0.6355058577905572,248001.08489186043,6.0,19.886126496018885,0.8002403690372056,76.33770537706262,42.12573263329129,2.0,457.1160661256098,223.05808683555279,486035.8594751448,1
2.0,32.0,23.0,3.0,16.0,7.030571600579994,15.0,0.8244949856187702,663682.8165772071,8.0,34.76703587197361,0.9786585642795433,53.92632278120722,56.118055080889015,3.0,389.8504979078379,138.16495437242287,419240.6212732624,1
2.0,5.0,0.0,0.0,0.0,3.4726322593408683,0.0,0.02909129530047922,7988.001426117842,4.0,0.9034196615306858,0.26733677564597713,10.71117963943161,39.58469428466468,2.0,32.35713692090853,14.981268894504334,7024.238259243183,0
6.0,2.0,0.0,0.0,0.0,5.306006291502786,0.0,0.4840994424955854,11956.258485502158,2.0,1.2455273024043927,0.11978253609867137,14.37705051696692,28.50427009113168,1.0,53.797065102879884,13.41563063420177,12937.167840854629,0
0.0,25.0,23.0,6.0,26.0,7.023911562338303,18.0,0.8165004635338322,462141.8108441049,12.0,36.12703729930504,0.9235988977000521,88.42657837080472,45.28057400467361,2.0,447.0788762760186,218.37033599679916,401217.0458478088,1
3.0,3.0,0.0,0.0,0.0,4.710707949213514,0.0,0.09827196060087466,1394.3926703082552,4.0,0.8895583967245707,0.2956441716444476,21.05570426787847,47.93543935767144,0.0,60.045771061478824,15.06478249079087,11699.660496532171,0
0.0,24.0,16.0,12.0,17.0,6.975228375514648,19.0,0.8776020587444094,437928.2311141258,13.0,38.78065963803506,0.7144983416585962,78.02396505499534,89.10336457285703,1.0,367.7427874928285,147.3306030299687,578964.5408818218,1
0.0,29.0,28.0,5.0,19.0,7.592501022042357,22.0,0.777500639543105,700601.2056849415,10.0,21.15959339028425,0.8476338520239665,59.73996043125562,57.89535189744361,0.0,416.22765587035894,231.0255310704689,417703.25431863917,1
0.0,4.0,0.0,0.0,0.0,3.778662725354301,0.0,0.01018444352137943,6214.539379886259,3.0,0.8945851433219163,0.1744252796327127,27.173956843597573,39.5755505170745,0.0,32.94455479539108,12.387982424875792,8622.219456203504,0
3.0,8.0,0.0,0.0,0.0,3.2961207104191255,0.0,0.009356962366138458,2339.3329060699452,2.0,0.27537925967434196,0.12917514348542053,27.22066063121114,41.842718503319304,2.0,43.57059068674566,5.522420254959561,6551.787667029971,0
0.0,4.0,0.0,0.0,0.0,5.063092453610908,0.0,0.16106422958272068,0.0,3.0,0.8420829158400878,0.16363582511398694,16.80613531856009,43.36503560307675,0.0,48.41549195529113,14.986537516040226,5278.450653196798,0
2.0,4.0,1.0,0.0,0.0,5.2643121862471824,0.0,0.030295427486510988,12519.881576430227,2.0,1.0873059237506024,0.13564748817762512,14.489205280427067,47.973410431271446,0.0,20.985920969069397,5.114611353480319,10587.857095396765,0
0.0,24.0,18.0,10.0,20.0,7.287307681484533,19.0,0.8856369945966441,459529.83207910875,9.0,30.461715327035808,0.8959104245578988,98.48498478556408,65.17097230517366,1.0,465.122023580888,195.31964101398293,592807.247663687,1
2.0,20.0,28.0,12.0,13.0,8.0,13.0,0.8042537623243703,670793.5374269495,10.0,26.46121559104876,1.0,48.28923737850073,40.17573047105775,1.0,456.5306106003377,187.6744768398137,440675.905827291,1
5.0,3.0,0.0,0.0,0.0,5.050860903859193,0.0,0.07660725745539353,17247.32450257132,2.0,1.5036495336790563,0.15502236063115693,24.106672899075917,25.744534479650373,1.0,40.527258690857636,21.13699865614046,12365.685189176942,0
6.0,3.0,0.0,0.0,0.0,2.4250569554212733,0.0,0.0020615122151802787,9919.356147608867,4.0,2.2859650726208374,0.3149937368422972,16.998835290310723,40.48205036794881,0.0,48.34235297798636,20.479504045616153,10858.391069345938,0
2.0,2.0,0.0,0.0,0.0,2.920746027824734,0.0,0.33667790122099384,9018.216502050898,3.0,0.4359266314539665,0.010369118410619079,16.641463711239414,48.65705729165694,0.0,39.80865924278125,0.0,11012.653906963676,0
1.0,26.0,19.0,9.0,30.0,7.133072428912306,10.0,0.8205222193549844,359346.3891099685,9.0,23.209055918776706,0.48619611912574934,64.1318144411093,64.82164196415383,1.0,253.92713151681897,219.3875676998311,533945.6658169065,1
2.0,2.0,0.0,0.0,1.0,4.81084103113669,0.0,0.20162869608650263,7060.1971849017245,2.0,1.537817700639431,0.20792788629924291,21.311267285912532,33.188686310553734,2.0,34.81953083192895,11.003640302550902,0.0,0
2.0,6.0,0.0,0.0,0.0,4.0727466910147125,0.0,0.004253114520698574,2079.149355500762,1.0,0.9690163934827585,0.22351105904055465,24.329047737580467,47.19004238307092,1.0,21.872878061436506,31.379252510879503,12982.8891621825,0
1.0,19.0,23.0,8.0,16.0,6.555984592534788,16.0,0.9833930171487414,367933.4625488074,12.0,31.105790457234182,0.9396820236786549,52.953674383351554,54.848677348642994,1.0,353.9241848527045,147.75656303931788,612506.6578791705,1
2.0,26.0,28.0,4.0,20.0,7.407094496784454,28.0,0.9968428651272532,520822.90496085706,12.0,41.54313354011697,0.5978336027554112,63.95891168849947,72.75483685215633,1.0,563.7591105831734,219.24242517893754,297860.54720605793,1
1.0,23.0,12.0,6.0,18.0,7.173627943496508,17.0,0.6217973059944996,501296.55584238475,5.0,35.19391324456395,1.0,62.54280424796922,43.20150295775872,2.0,387.40617517717953,194.12785673604944,484387.18209183,1
0.0,2.0,0.0,0.0,0.0,4.456694499043086,0.0,0.3183176493083624,5336.190416962832,2.0,0.19013265309412997,0.022196925954778624,21.37128725638832,51.533371484997105,0.0,25.16543055429318,6.875466704756109,11147.21125513174,0
0.0,3.0,2.0,0.0,0.0,4.138334680793459,0.0,0.01737059005179119,7060.136026008615,2.0,1.2144016089169551,0.08865471229821713,14.798137520753148,46.43251869156696,0.0,53.90005247163909,29.07107265209403,10799.990062592002,0
2.0,4.0,0.0,0.0,0.0,4.604545193086157,0.0,0.03800960038779711,7804.625657063958,3.0,0.9849882760957642,0.1491345898907728,21.940732413158976,40.25992634695772,1.0,43.07717030963541,1.5646101200857299,6270.87425734868,0
2.0,24.0,14.0,5.0,15.0,8.0,20.0,0.8447807232084079,723054.4271516334,9.0,23.83378981076065,0.6174434449955086,75.13399323454837,57.409486444751494,1.0,436.0620084577327,187.27049385243177,484737.81209952495,1
0.0,24.0,19.0,5.0,22.0,7.2430338344433105,15.0,0.9397048639823998,633068.9608213351,5.0,33.846241464874524,0.9180389278346573,63.56303308871908,63.15713452008765,1.0,432.5502182814679,148.27670743651228,433726.86402552447,1
7.0,3.0,0.0,0.0,0.0,4.4655286491164725,1.0,0.04018211098051508,6323.037373306916,2.0,1.6630645350183422,0.11154983936368594,23.49493569067885,43.67746107447158,2.0,55.35114666172432,26.228855823200803,6117.086550082348,0
1.0,23.0,19.0,11.0,19.0,7.398314313096873,14.0,0.8217399171415364,558319.8000321852,10.0,21.934116060111595,0.995888886294835,56.83485308251043,62.402244627324784,2.0,436.0869311504255,165.86024759746874,558955.5107516425,1
3.0,4.0,0.0,2.0,0.0,3.531090659996581,1.0,0.04245117934570161,10001.858099940473,2.0,1.3219963392656175,0.004334901733088657,13.680486571258081,36.788039339845795,0.0,30.892493707839833,15.764822463151603,11185.473056053188,0
1.0,27.0,17.0,8.0,17.0,7.407135506129784,15.0,0.9193676945493818,429175.0315179437,9.0,23.030319617332932,0.63557491479401,71.89028681911819,42.40483537386135,1.0,235.7883996163883,160.28730441130887,632026.2287334726,1
2.0,4.0,0.0,0.0,0.0,2.8849708944622465,0.0,0.3405625838849675,1758.5301042276178,1.0,0.7743845555467863,0.12783295274222897,3.140905330280683,51.806051589788964,0.0,22.613453599485975,11.415033538755651,12277.386420731764,0
7.0,6.0,0.0,0.0,0.0,4.403206933393905,0.0,0.040331744734687015,10341.944928984329,3.0,1.1867201766077846,0.16483089464980294,19.552832864390655,51.83382064500945,0.0,41.44190784088459,13.621196221971374,7789.5771447885345,0
0.0,6.0,0.0,1.0,0.0,4.31513136750781,0.0,0.00589491456337947,7355.082275276794,3.0,0.9779574314461015,0.03258481636968501,18.570117724628513,49.402396511756606,0.0,44.302463052200146,19.449422045848095,6895.848158512137,0
1.0,19.0,18.0,3.0,17.0,8.0,13.0,0.9804726973646964,639300.3649040674,6.0,30.508121414120016,0.7020937001797081,66.20682522476253,66.28306673533208,3.0,312.5339873190933,127.16117376364437,568015.0435009297,1
1.0,25.0,14.0,8.0,18.0,7.326812237716503,21.0,0.8504262019526654,438433.4913498569,11.0,30.7296038542262,0.6705573474614299,81.60427764674412,43.27238012593067,3.0,345.97276508511436,136.8796914414571,574530.7366088637,1
2.0,22.0,17.0,12.0,20.0,8.0,20.0,0.997999389052894,512071.3420084351,9.0,34.86747107434887,0.5691184073728226,65.95849897106993,57.53008061595077,1.0,359.11160804859355,162.82891058751008,644596.4878733375,1
0.0,27.0,28.0,8.0,24.0,7.719989582650871,10.0,0.9387526083645633,288049.03243868507,8.0,34.80519268502826,0.8124892585963271,59.997496519178405,55.628721378218394,2.0,529.0774951657819,220.99794796259897,517572.76622708683,1
2.0,6.0,0.0,1.0,0.0,4.750433510934785,0.0,0.13136937419966271,6802.05643683354,3.0,0.16956656209895837,0.16171022660992623,19.17992523546351,33.13567562843063,1.0,42.69343560659359,10.182863354882958,11560.61134671695,0
1.0,21.0,22.0,6.0,10.0,7.47133437790527,13.0,0.9568266385425658,746867.0094130908,8.0,27.635430347814975,0.6581929063860331,72.84291912850216,67.13800266608729,6.0,375.11187442575107,143.0010362704748,434297.5776264227,1
0.0,31.0,27.0,7.0,16.0,7.07444204009085,15.0,0.5182580161372164,558079.7533555478,8.0,36.499330013135776,0.9500010556755478,72.11210290991647,50.43319759747636,0.0,398.11755011702314,92.09637628626942,487535.9635721006,1
0.0,5.0,0.0,0.0,0.0,5.252074886023743,0.0,0.19425784402345928,7666.669492013543,5.0,0.11909151953190111,0.005188121718047194,3.2963081355602046,31.91524784960114,1.0,60.366663254559995,30.470515189965397,9412.563483240572,0
4.0,2.0,0.0,0.0,1.0,4.801091837414294,1.0,0.09346965043817118,2739.7815638496822,2.0,2.025906377969479,0.0703189615970021,12.078607165646183,52.75523977672195,0.0,36.71798394605907,10.420193606923384,7995.856759314976,0
0.0,38.0,18.0,8.0,17.0,7.705296596507252,14.0,0.8713249038369197,419787.3833912452,9.0,24.24613348362329,0.6971294439651267,80.49035169596073,51.87741635966437,2.0,444.54152226247254,216.97934275479076,520761.46316929,1
0.0,28.0,29.0,12.0,21.0,7.844359358518685,14.0,0.9219964255076274,599197.2239919673,11.0,33.68440875707449,1.0,83.09752564037169,75.19861104554897,0.0,440.8155364239362,91.4570150761885,627922.1197482294,1
4.0,3.0,1.0,0.0,0.0,4.547934477182711,0.0,0.22672571001772357,19984.956381592572,2.0,1.6277886829596915,0.2776741031024803,7.581428759199742,44.191907782983996,0.0,48.99488311330537,13.719360247375844,9702.339291111377,0
1.0,3.0,0.0,0.0,0.0,3.4391352549518235,0.0,0.05524956652772497,9661.675321173958,3.0,1.4322925977638281,0.023360592741310998,28.809474627672003,40.97044609164238,0.0,40.44586992743533,16.092596139931306,5951.476176603435,0
0.0,32.0,18.0,10.0,24.0,7.302313081239228,11.0,0.8401258873096246,472752.430737615,12.0,38.743859768847905,0.9252154428092157,76.86958504585715,60.54936913323449,0.0,383.83168886563385,194.2727287385585,270097.6450489075,1
2.0,27.0,14.0,4.0,20.0,7.274176465427201,14.0,0.9388036807988219,448548.70714755787,10.0,24.19505209799458,0.5818820757045058,83.28425543538246,43.17884506364419,1.0,338.0614343967742,81.8870169644721,586343.5412605968,1
0.0,26.0,17.0,4.0,13.0,8.0,18.0,0.9304569957577329,602389.9456519837,8.0,30.23620469585632,0.7040427639219392,74.12495135114182,44.79240561047298,2.0,333.02915259727047,172.67287855168806,446217.25199237745,1
1.0,17.0,20.0,6.0,14.0,7.136071429904178,23.0,0.9758902824227681,141979.5039734728,7.0,36.160175927167764,0.6845927138590311,66.14850997252373,64.46345754129231,2.0,358.184985223075,210.15116322114855,404088.90138954634,1
2.0,4.0,0.0,0.0,0.0,6.222108950853476,0.0,0.09888442895051504,13417.201862022488,4.0,1.6323899235250177,0.09907501443026082,12.0099360990427,42.91479287856477,1.0,34.713241716693446,5.8172701747969136,8332.980935213773,0
0.0,30.0,16.0,13.0,16.0,7.080440837480861,7.0,0.6792282334072051,666717.9245649494,12.0,31.117200371843946,0.7452602578269653,77.00705366239177,36.892336525067776,4.0,448.29403857244864,186.506806102421,472611.0971663006,1
3.0,7.0,0.0,0.0,0.0,4.984954288687918,0.0,0.15024432665419715,3911.651016093213,1.0,1.1097199793099657,0.40157692308318793,15.3864592913044,44.49143499040051,1.0,28.697390208576184,13.474900243264322,5719.724432549594,0
1.0,25.0,26.0,11.0,21.0,7.700756151869252,15.0,0.8423850226635681,520538.7627533011,8.0,31.896118368981988,0.6747075603109127,80.61036596491039,82.40157015001428,3.0,362.3902273903305,188.75486154033095,534004.248374477,1
0.0,29.0,26.0,9.0,22.0,7.526244910886875,19.0,0.8975374381192531,451799.39672793983,9.0,32.036167991924906,0.6433099451107538,79.03900939171014,51.15985081207445,1.0,373.1306452123656,139.19114566148,773157.4992271522,1
2.0,4.0,0.0,0.0,0.0,6.18226030014559,0.0,0.11102217505443229,6669.74727408656,4.0,0.8678171532432998,0.44500857531350024,24.643181992860338,44.63454185556348,0.0,32.926315605262275,15.647401866017299,4007.8026894177033,0
1.0,27.0,21.0,8.0,25.0,7.6047399818358175,15.0,0.9296552326888956,367874.4503248883,8.0,24.841253538738172,0.8984192373961432,74.8384569384842,52.23534527134865,2.0,358.50539767521946,150.74504402112,659670.9890100965,1
3.0,22.0,15.0,13.0,23.0,8.0,12.0,0.9716883564981167,537232.3760331334,9.0,14.586357160474162,0.7368341919314116,72.34479638935701,51.99324468130889,1.0,455.6919354994917,134.5914346575823,572064.3905049004,1
3.0,9.0,0.0,0.0,0.0,4.028550168512207,1.0,0.06387124221439745,14465.127014254904,3.0,0.7338110753503835,0.07400251838997961,16.622238895247214,33.70990969544985,0.0,26.567786342819517,14.80438545002714,9407.107660238267,0
2.0,1.0,2.0,0.0,0.0,5.25185486052752,0.0,0.16106857255282428,4354.754045065312,3.0,1.3886775313689315,0.1251887795576244,14.82827294362793,47.72581824859818,0.0,59.13218478661766,9.782719702104437,12841.252544717,0
0.0,16.0,17.0,6.0,20.0,7.805720048612607,21.0,0.9510895657993085,394071.9205811664,8.0,28.576045752959953,0.884382779286102,56.31168496613702,57.24955069385534,3.0,449.98426680204057,145.5331189705239,453074.0374572223,1
0.0,24.0,22.0,9.0,17.0,7.445443289114143,13.0,0.962292983296903,424585.3744908434,14.0,41.54032407272966,1.0,67.85764141368394,79.56184081012776,1.0,371.74488902962304,234.58809751155292,293843.90572040225,1
2.0,8.0,0.0,0.0,0.0,4.045966683424133,0.0,0.1569443912125121,6087.340301935383,2.0,0.8510458428573449,0.003077937143398515,6.42954116375909,54.94636711645907,0.0,62.535332069139926,3.0279421776488036,11179.413274794102,0
1.0,4.0,1.0,0.0,0.0,3.2930630149040994,0.0,0.03250157537501337,10466.030969871212,5.0,0.5780724623978309,0.2216050010354733,14.833052843337821,22.911668221087446,0.0,6.344375021774809,10.37552208100812,10629.215074211474,0
1.0,8.0,0.0,0.0,0.0,4.127587661169456,0.0,0.056893760917556366,14424.796640065962,3.0,0.4198564270200734,0.39033705767070725,29.756565566092082,46.202567744424414,1.0,23.098024633600886,24.066506156465678,5517.352965793128,0
0.0,28.0,23.0,5.0,19.0,7.584274285387621,12.0,0.8813644412054401,608333.7732385042,9.0,39.45121042014991,1.0,87.6819154175553,81.85311084707551,5.0,349.2712025553741,156.6988102783654,456162.9434446644,1
1.0,20.0,27.0,8.0,14.0,8.0,15.0,0.8622903154939889,667044.9666745074,10.0,48.71242396466101,0.7622756563087328,56.9308351592005,50.80109057845115,2.0,314.7705370060781,218.07407205525098,720082.3107534361,1
1.0,15.0,13.0,11.0,21.0,7.253235560752673,18.0,0.8787579344132473,367905.6252872116,10.0,40.973950579789374,0.6134232843052249,77.33743040212816,63.719005638575084,2.0,215.15458996197498,191.16978916660094,544858.5556911501,1
2.0,23.0,22.0,10.0,19.0,7.320441813246667,13.0,0.6998873848724939,540179.2677001765,14.0,33.26742650127244,0.8689039768631694,74.75971338028168,55.073821564211144,0.0,430.2697622603877,99.49517553507488,580851.7324110528,1
0.0,28.0,23.0,10.0,14.0,8.0,22.0,0.8491280351726231,310438.80972181447,5.0,12.966568226362106,0.7614145361257803,77.89853110913931,52.77849704675579,3.0,315.2073507756534,155.01997902363297,382342.02712473145,1
2.0,7.0,0.0,0.0,0.0,3.574375893598604,0.0,0.1498532072186718,8022.124554517082,2.0,0.9305440936474498,0.07531196915851693,18.1176146022355,49.591163848668046,0.0,43.95620473510991,4.58722119111526,6462.365366966807,0
1.0,4.0,0.0,1.0,1.0,5.08934625377235,1.0,0.07337418787248005,9208.164620401296,1.0,1.8071230471874484,0.3147809632808938,17.672670705812862,37.66086792425368,1.0,28.400552784829873,24.419694023482663,6887.495354940464,0
1.0,25.0,15.0,9.0,17.0,7.5834993471255645,16.0,0.9311599799503031,283667.48568370694,10.0,28.592206735444176,0.8035265324051712,58.6683524213748,47.56785928383241,2.0,325.87825323043876,165.1339109580938,628868.0251731247,1
2.0,2.0,1.0,0.0,0.0,5.136400417014647,0.0,0.09246816617621073,11122.72435970311,3.0,0.41001415919366224,0.1255919714666819,1.0109003276565538,41.84236115323679,0.0,32.824939172629584,3.892925592081143,8309.823086627432,0
2.0,26.0,17.0,12.0,19.0,7.476430150935095,16.0,0.9300782065429218,754692.6319683881,7.0,34.76104130319049,0.7610929157977312,80.53786592472511,70.14446770473526,2.0,268.902601755805,224.0106563718441,624101.2694635969,1
3.0,40.0,23.0,5.0,28.0,7.520737955464015,11.0,0.5970346333843569,658950.5956024791,8.0,25.093014533052333,0.5624845545657284,86.9614833087058,49.37344008850256,1.0,421.4416030527548,221.43284274407065,512820.17397957377,1
1.0,4.0,0.0,0.0,0.0,3.77244551867048,0.0,0.07345472987587229,5958.1685318860855,5.0,0.0,0.12116939670873347,13.408478690404667,44.773505248204906,0.0,77.13127209396913,20.596078451669957,7901.575070660007,0
2.0,25.0,23.0,9.0,18.0,6.9194751036715605,14.0,0.9703556779104561,275602.2543841646,12.0,29.0738705010354,0.9105195074054557,77.24681452638207,73.82841359399335,1.0,340.6226617664167,135.1457833039778,544882.4315615059,1
1.0,4.0,0.0,1.0,0.0,3.009516245311645,0.0,0.2287285282755319,11282.397179990625,1.0,1.1145914173920866,0.2305493721716011,23.570647051213722,43.95248180785414,1.0,44.64096681322923,12.99208943529311,10292.85857711004,0
4.0,7.0,1.0,0.0,0.0,3.4869529183086865,0.0,0.006190523304856664,10734.514917918885,3.0,0.3137428914128013,0.03566723941583008,22.351916914580954,38.33678964691529,0.0,64.49049378199766,23.38280883638392,7013.681345984915,0
0.0,2.0,0.0,0.0,0.0,4.9212253727997926,0.0,0.0131109116187112,8783.273551525845,2.0,0.4706813660231518,0.06762132975287967,31.57353389785964,56.36875716521895,0.0,36.80741784361494,33.243330495385564,9099.676410649068,0
3.0,9.0,0.0,0.0,0.0,4.2895089997638145,1.0,0.11409042804855582,4264.238189414946,4.0,0.07645520703984843,0.10578672969505934,22.849841647074765,51.87073968692347,2.0,46.34956726313653,15.448093010997349,6278.542390121134,0
0.0,3.0,0.0,0.0,0.0,5.0532326628690765,0.0,0.006129951985929584,5323.81950330471,3.0,0.08215065478644867,0.25450459547614074,21.624488847154417,32.502420808261064,0.0,22.102959464346128,27.58543223098638,12710.593161769013,0
0.0,42.0,21.0,11.0,18.0,7.502467746133695,20.0,0.892001890926188,605994.19757563,10.0,34.68497588719145,0.7838028977482532,93.30416591683432,48.470252048950364,3.0,397.9261798336143,169.8802894233961,599128.7716601478,1
2.0,3.0,0.0,0.0,0.0,5.074342428446387,1.0,0.1213775798201067,2353.85098169526,5.0,0.0,0.3347928418462743,21.70293457803924,36.44389197544182,0.0,35.4512645588423,24.889151781831472,7401.239236508486,0
